date,equity,return,benchmark_return,leverage,cost,cash_weight,C0_w,C1_w,C2_w,C3_w,C4_w,C5_w,C6_w,C7_w,C8_w,C9_w
2020-07-20,99.78105554508511,-0.002189444549148902,0.0,2.0,0.0018342210352420808,0.082889445,0.082889445,0.082889445,0.082889445,0.106545314,0.082889445,0.10482216,0.093284994,0.08951533,0.082889445,0.10849546
2020-07-21,100.18191127369579,0.004017390310764313,0.0,2.0,0.000175990498973988,0.078992486,0.078992486,0.078992486,0.078992486,0.1309293,0.078992486,0.078992486,0.08286608,0.1531266,0.08013059,0.078992486
2020-07-22,100.12131444788122,-0.0006048947689123452,0.0,2.0,0.00011156508844578639,0.071468726,0.071468726,0.071468726,0.071468726,0.12028933,0.071468726,0.071468726,0.08331313,0.17826621,0.08559932,0.103719644
2020-07-23,99.6638249521932,-0.004569350276142359,0.0,2.0,0.00014042312977835536,0.06882156,0.06882156,0.06882156,0.06882156,0.10845261,0.06882156,0.06882156,0.06882156,0.1613806,0.07448464,0.17393117
2020-07-24,99.20910309556243,-0.004562536720186472,0.0,2.0,0.00022361330047715455,0.07362431,0.07362431,0.07362431,0.07362431,0.08526265,0.07362431,0.12561126,0.07362431,0.07362431,0.07362431,0.20013164
2020-07-26,99.38681028883143,0.0017911802278831601,0.0,2.0,9.142727503785864e-05,0.06927147,0.06927147,0.0758231,0.06927147,0.08185118,0.06927147,0.16912611,0.06927147,0.06927147,0.06927147,0.18829939
2020-07-27,100.04605915168227,0.006633155979216099,0.0,2.0,0.00010544324322836474,0.06384648,0.06384648,0.102183156,0.06384648,0.10378614,0.06384648,0.17355272,0.06384648,0.06384648,0.06384648,0.17355272
2020-07-28,99.80555693655633,-0.0024039207492023706,0.0,2.0,0.00010903110523940995,0.06756047,0.06756047,0.10492644,0.06756047,0.11946474,0.06756047,0.18364841,0.06756047,0.06756047,0.06756047,0.11903715
2020-07-29,99.68328971345346,-0.0012250288855284452,0.0,2.0,0.00014663774345535785,0.067110606,0.067110606,0.1152845,0.067110606,0.18242554,0.067110606,0.14072362,0.067110606,0.067110606,0.067110606,0.09179213
2020-07-30,100.87636039779474,0.011968621052801609,0.0,2.0,0.0001934666361194104,0.07706435,0.07706435,0.096938215,0.07706435,0.20948264,0.07706435,0.07706435,0.07706435,0.07706435,0.07706435,0.07706435
2020-07-31,100.80573522796725,-0.0007000944460742176,0.008654318,2.0,0.00013677302922587842,0.07292444,0.07292444,0.07292444,0.07292444,0.1982292,0.07292444,0.07292444,0.07292444,0.14545089,0.07292444,0.07292444
2020-08-02,101.00995178743267,0.00202583777718246,0.0,2.0,0.00011316344898659736,0.07737354,0.07737354,0.07737354,0.07737354,0.14164743,0.07737354,0.07737354,0.07737354,0.16199067,0.07737354,0.07737354
2020-08-03,101.29806456090091,0.0028523204382508993,0.0,2.0,0.0001764226908562705,0.086962685,0.086962685,0.086962685,0.086962685,0.12846407,0.088871755,0.086962685,0.086962685,0.086962685,0.086962685,0.086962685
2020-08-04,100.78469158904699,-0.005067944526672363,0.0,2.0,0.00012064858310623094,0.08147364,0.08147364,0.08147364,0.1387516,0.10656314,0.09722352,0.08147364,0.08147364,0.08147364,0.08714635,0.08147364
2020-08-05,100.61692751650912,-0.0016645998694002628,0.0,2.0,0.00013199581007938832,0.084039636,0.084039636,0.084039636,0.084039636,0.14428271,0.08593754,0.084039636,0.084039636,0.084039636,0.09746268,0.084039636
2020-08-06,101.1274722361742,0.005074201617389917,0.0,2.0,0.00013601878890767694,0.07809791,0.07809791,0.07809791,0.07809791,0.21229213,0.07809791,0.07809791,0.07809791,0.07809791,0.08482675,0.07809791
2020-08-07,101.03836523403109,-0.0008811532170511782,0.0,2.0,0.00011120818089693785,0.07774204,0.07774204,0.07774204,0.07774204,0.15953498,0.07774204,0.07774204,0.07774204,0.12781584,0.09071288,0.07774204
2020-08-09,101.0153718793253,-0.0002275989536428824,0.0,2.0,0.0002370652655372396,0.07495518,0.07495518,0.07495518,0.08579875,0.07495518,0.1132146,0.07495518,0.13105229,0.10779731,0.11240599,0.07495518
2020-08-10,101.24530126816596,0.0022762289736419916,0.0,2.0,0.00015096298011485487,0.06525217,0.06525217,0.06525217,0.10988321,0.06525217,0.13656543,0.06525217,0.1503007,0.11659506,0.095142536,0.06525217
2020-08-11,101.98300593908547,0.0072863344103097916,0.0,2.0,0.0001963171234820038,0.058778506,0.06889216,0.058778506,0.15977655,0.058778506,0.15977655,0.08666629,0.14305511,0.07197898,0.0747403,0.058778506
2020-08-12,102.22002508264164,0.002324125962331891,0.0,2.0,0.00026779589825309813,0.069497295,0.069497295,0.069497295,0.18516976,0.069497295,0.10467946,0.13563551,0.069497295,0.088034235,0.069497295,0.069497295
2020-08-13,102.35126374227862,0.001283896155655384,0.0,2.0,0.0002577553386799991,0.07930098,0.07930098,0.07930098,0.07930098,0.07930098,0.089721724,0.1928381,0.07930098,0.07998309,0.07930098,0.08235029
2020-08-14,102.4985690886675,0.001439205720089376,0.0,2.0,0.0001373759878333658,0.081984475,0.081984475,0.081984475,0.081984475,0.081984475,0.11734034,0.12451589,0.081984475,0.10226795,0.081984475,0.081984475
2020-08-16,102.26699263037393,-0.002259288216009736,0.0,2.0,0.00010755126277217641,0.07933128,0.07933128,0.07933128,0.07933128,0.07933128,0.13111743,0.09212806,0.09700859,0.09679932,0.10695888,0.07933128
2020-08-17,102.25100999924629,-0.00015625770902261138,0.0,2.0,0.0002158141287509352,0.07902446,0.07902446,0.07902446,0.07902446,0.107164346,0.083459824,0.07902446,0.07902446,0.14602165,0.07902446,0.11018294
2020-08-18,102.20924955934287,-0.00040843046735972166,0.0,2.0,0.0001575973437866196,0.081328414,0.081328414,0.081328414,0.081328414,0.081328414,0.14613083,0.081328414,0.081328414,0.10839336,0.081328414,0.094848536
2020-08-19,102.86569047650805,0.006422509904950857,0.0,2.0,0.00020869832951575518,0.07314805,0.07314805,0.07314805,0.07314805,0.07314805,0.10611161,0.07314805,0.07314805,0.19370332,0.074260965,0.11388767
2020-08-20,102.92123980934832,0.0005400672671385109,0.0,2.0,0.00010679411207092926,0.07748806,0.07748806,0.07748806,0.07748806,0.07748806,0.11798225,0.07855181,0.07748806,0.17197752,0.08434362,0.08221647
2020-08-21,102.75411533910689,-0.001623831456527114,0.0,2.0,0.00028207831201143563,0.062897965,0.09089545,0.062897965,0.062897965,0.062897965,0.14511761,0.06868302,0.17097442,0.118486,0.09135365,0.062897965
2020-08-23,102.71265164448403,-0.00040353104122914374,0.0,2.0,9.942916949512437e-05,0.072117835,0.10094538,0.06456068,0.06456068,0.06456068,0.1355869,0.067518115,0.17549413,0.07946704,0.11062786,0.06456068
2020-08-24,102.7271733869293,0.0001413955760654062,0.0,2.0,0.0003300524549558759,0.08356611,0.07471713,0.06966863,0.06966863,0.06966863,0.08117984,0.06966863,0.09110322,0.1544566,0.12712242,0.109180175
2020-08-25,102.75840077198968,0.00030398787930607796,0.0,2.0,0.00011968247417826205,0.06963998,0.06490736,0.06490736,0.06490736,0.06490736,0.06490736,0.06490736,0.096153535,0.1764365,0.15993345,0.10839242
2020-08-26,102.72008966025167,-0.00037282679113559425,0.0,2.0,7.690831989748403e-05,0.06473469,0.06473469,0.06473469,0.06473469,0.06473469,0.06473469,0.06473469,0.082225986,0.17596714,0.14181748,0.14684656
2020-08-27,102.70843224040841,-0.00011350996646797284,0.0,2.0,0.00012226025864947587,0.06294912,0.06294912,0.06294912,0.06294912,0.06294912,0.06294912,0.06294912,0.14335608,0.17111346,0.13457744,0.11030912
2020-08-28,102.54174515757883,-0.0016229150351136923,0.0,2.0,7.335026020882651e-05,0.06672295,0.06672295,0.06672295,0.06672295,0.06672295,0.06672295,0.06672295,0.1314156,0.1813718,0.118326105,0.10182582
2020-08-30,102.59752294373287,0.0005439113592728972,0.0,2.0,9.900736768031493e-05,0.06854619,0.06854619,0.06854619,0.06854619,0.06854619,0.06854619,0.06854619,0.16590993,0.13417155,0.11602268,0.10407251
2020-08-31,102.57852274108983,-0.00018518429715186357,-0.012756164,2.0,0.00029822421493008733,0.07621315,0.07621315,0.07621315,0.07621315,0.07621315,0.07621315,0.07621315,0.07621315,0.09471464,0.0960643,0.19951591
2020-09-01,102.65723639070659,0.0007672940846532583,0.0,2.0,5.3948471759213135e-05,0.07274564,0.07274564,0.07274564,0.07274564,0.07274564,0.07528421,0.07274564,0.07274564,0.117648974,0.10010421,0.19774318
2020-09-02,102.8103666834747,0.0014916138025000691,0.0,2.0,0.00011193965474376455,0.074651055,0.074651055,0.074651055,0.09874887,0.074651055,0.09381829,0.074651055,0.074651055,0.102876805,0.08866659,0.1679831
2020-09-03,103.03920979626693,0.002225880976766348,0.0,2.0,0.0001792770199244842,0.07065106,0.07065106,0.07065106,0.14324144,0.07065106,0.13786757,0.0757477,0.07269966,0.07335389,0.08394191,0.13054354
2020-09-04,103.11945614436175,0.0007788521470502019,0.0,2.0,0.00013208037125878036,0.06727558,0.06727558,0.06727558,0.15914108,0.06727558,0.15937921,0.104376614,0.071393274,0.06727558,0.06727558,0.102056354
2020-09-06,103.02778875634355,-0.0008889175951480865,0.0,2.0,0.0001377209700876847,0.07026831,0.07026831,0.07026831,0.11750691,0.07026831,0.14707235,0.12653264,0.0974941,0.07026831,0.07291554,0.087136924
2020-09-07,103.45470654022027,0.004143665079027414,0.0,2.0,0.00023812941799405962,0.06891085,0.08009032,0.06891085,0.06891085,0.06891085,0.1272468,0.099545434,0.18491398,0.06891085,0.09473835,0.06891085
2020-09-08,103.54822587497695,0.0009039791766554117,0.0,2.0,0.00012590817641466856,0.07095766,0.09628651,0.07095766,0.07748958,0.07095766,0.09288051,0.07095766,0.19288293,0.07095766,0.11471455,0.07095766
2020-09-09,104.04551265099501,0.004802406299859285,0.0,2.0,4.658876423491165e-05,0.0714246,0.0979793,0.0714246,0.0714246,0.0714246,0.10757406,0.07426167,0.19415222,0.0714246,0.09748512,0.0714246
2020-09-10,103.95682983073989,-0.0008523204596713185,0.0,2.0,0.00010711219510994852,0.07504999,0.08655664,0.07095824,0.07095824,0.07095824,0.07187722,0.07095824,0.19288452,0.11713127,0.10170918,0.07095824
2020-09-11,103.9416922456199,-0.00014561577700078487,0.0,2.0,0.0001030797793646343,0.09173005,0.07810377,0.06696193,0.06696193,0.06696193,0.06696193,0.06696193,0.18202141,0.1519911,0.09438213,0.06696193
2020-09-13,104.0072024860439,0.0006302577676251531,0.0,2.0,0.00031108345137909055,0.07415301,0.072180875,0.072180875,0.072180875,0.15219204,0.072180875,0.072180875,0.072180875,0.19620797,0.072180875,0.072180875
2020-09-14,105.18890300915123,0.011361755430698395,0.0,2.0,2.546432733652182e-05,0.07126265,0.07126265,0.07126265,0.07126265,0.16492422,0.07126265,0.07126265,0.07126265,0.19371198,0.07126265,0.07126265
2020-09-15,105.36285087541735,0.001653705956414342,0.0,2.0,3.3220880141016096e-05,0.07268013,0.07268013,0.07268013,0.07268013,0.14831378,0.07268013,0.07268013,0.07268013,0.1975651,0.07268013,0.07268013
2020-09-16,105.54959638394698,0.0017724219942465425,0.0,2.0,0.0003420367429498583,0.07528939,0.07528939,0.07528939,0.18475437,0.0897459,0.07528939,0.113359444,0.07528939,0.08511457,0.07528939,0.07528939
2020-09-17,105.48313565910443,-0.0006296801730059087,0.0,2.0,0.00017491534526925534,0.06576005,0.104796216,0.06576005,0.17875437,0.06576005,0.06576005,0.12990136,0.10989046,0.06576005,0.08209722,0.06576005
2020-09-18,106.71712847826711,0.011698441579937935,0.0,2.0,5.8427434851182625e-05,0.06747899,0.12505044,0.06618041,0.17989703,0.06618041,0.06618041,0.10653645,0.113886595,0.06618041,0.07624842,0.06618041
2020-09-20,106.69670383215517,-0.00019138524658046663,0.0,2.0,0.0001761231105774641,0.069883816,0.10895094,0.069883816,0.1899639,0.12160014,0.069883816,0.069883816,0.07857719,0.069883816,0.081604905,0.069883816
2020-09-21,107.54389413502167,0.00794015172868967,0.0,2.0,0.00025849652593024075,0.07686736,0.07686736,0.07686736,0.09924663,0.20894715,0.07686736,0.07686736,0.07686736,0.07686736,0.07686736,0.07686736
2020-09-22,109.91888042836082,0.02208392694592476,0.0,2.0,4.156179056735709e-05,0.07846572,0.07846572,0.07846572,0.07846572,0.21329196,0.07846572,0.07846572,0.07846572,0.07846572,0.07846572,0.08051651
2020-09-23,110.31409061729798,0.003595417132601142,0.0,2.0,4.942213126923889e-05,0.07635696,0.07635696,0.07635696,0.07635696,0.20755976,0.07635696,0.07635696,0.07635696,0.07635696,0.07635696,0.105227605
2020-09-24,110.87245933444515,0.005061616655439138,0.0,2.0,0.00015130877727642655,0.07236459,0.07236459,0.07236459,0.15201135,0.19670735,0.07236459,0.07236459,0.07236459,0.07236459,0.07236459,0.07236459
2020-09-25,111.01326032422675,0.0012699334183707833,0.0,2.0,0.00027751977904699743,0.0757414,0.0757414,0.0757414,0.12545633,0.08450249,0.15444486,0.0757414,0.10540653,0.0757414,0.0757414,0.0757414
2020-09-27,111.32233600101034,0.0027841750998049974,0.0,2.0,0.00017495827341917902,0.07144733,0.08154178,0.07138919,0.18078996,0.06686888,0.18078996,0.06650891,0.08113723,0.06650891,0.06650891,0.06650891
2020-09-28,112.81140983519134,0.01337624341249466,0.0,2.0,8.178095595212653e-05,0.06729805,0.06729805,0.07600272,0.18293507,0.09784417,0.17213167,0.06729805,0.06729805,0.06729805,0.06729805,0.06729805
2020-09-29,112.75886111865447,-0.00046579272020608187,0.0,2.0,0.00024095184926409274,0.07683583,0.07683583,0.07683583,0.14712445,0.117723316,0.08746638,0.07683583,0.10983501,0.07683583,0.07683583,0.07683583
2020-09-30,113.25895370482114,0.004435067065060139,0.003409047,2.0,0.00017381174257025123,0.07527886,0.07527886,0.07527886,0.11786102,0.20462918,0.07527886,0.07527886,0.07527886,0.07527886,0.07527886,0.07527886
2020-10-01,114.69841819633623,0.012709500268101692,0.0,2.0,8.161347795976326e-05,0.07705431,0.07705431,0.07705431,0.07705431,0.20945534,0.07705431,0.07705431,0.091487,0.08262323,0.07705431,0.07705431
2020-10-02,114.5551786232122,-0.0012488621287047863,0.0,2.0,0.00023374095326289535,0.08275454,0.0785224,0.06931239,0.06931239,0.14102545,0.06931239,0.06931239,0.08175598,0.17329119,0.09608848,0.06931239
2020-10-04,113.97569133196117,-0.005058610811829567,0.0,2.0,0.00010106815170729533,0.07126157,0.068706945,0.068706945,0.068706945,0.17808583,0.068706945,0.068706945,0.068706945,0.18676485,0.08293907,0.068706945
2020-10-05,114.18111259818889,0.0018023228039965034,0.0,2.0,0.0002635906857904047,0.081407264,0.081407264,0.081407264,0.1141547,0.08816856,0.081407264,0.081407264,0.081407264,0.14641865,0.081407264,0.081407264
2020-10-06,115.81504458516446,0.014309949241578579,0.0,2.0,0.0003322548291180283,0.0677727,0.0677727,0.0677727,0.18422532,0.18422532,0.0677727,0.0677727,0.0677727,0.08936771,0.0677727,0.0677727
2020-10-07,117.87809560594366,0.017813334241509438,0.0,2.0,0.00019613889162428677,0.07353822,0.07353822,0.07353822,0.086155884,0.19989763,0.07353822,0.07353822,0.07353822,0.09735849,0.07353822,0.10182044
2020-10-08,117.76922646511515,-0.0009235601173713803,0.0,2.0,9.87931271083653e-05,0.074891195,0.074891195,0.10207149,0.09522362,0.20357537,0.074891195,0.074891195,0.074891195,0.074891195,0.074891195,0.074891195
2020-10-09,117.9959873944451,0.0019254842773079872,0.0,2.0,8.00823254394345e-05,0.078626975,0.078626975,0.078626975,0.078626975,0.21373029,0.078626975,0.078626975,0.078626975,0.078626975,0.078626975,0.078626975
2020-10-11,118.35606850460192,0.003051587613299489,0.0,2.0,0.0001813052367651835,0.10161745,0.07898361,0.06929892,0.06929892,0.18837401,0.06929892,0.06929892,0.06929892,0.14593245,0.06929892,0.06929892
2020-10-12,120.33694983197358,0.01673663966357708,0.0,2.0,0.0002208833466283977,0.07543331,0.07543331,0.07543331,0.08381776,0.107666805,0.07543331,0.07543331,0.07543331,0.205049,0.07543331,0.07543331
2020-10-13,120.49496311646598,0.001313061686232686,0.0,2.0,0.00014572245709132403,0.07985336,0.08780476,0.07985336,0.089337625,0.09694622,0.10388288,0.07985336,0.07985336,0.14290836,0.07985336,0.07985336
2020-10-14,122.693190423725,0.018243353813886642,0.0,2.0,0.00036309368442744017,0.067221336,0.067221336,0.067221336,0.067221336,0.15978013,0.18272655,0.11972264,0.067221336,0.067221336,0.067221336,0.067221336
2020-10-15,124.20373718278098,0.012311634607613087,0.0,2.0,0.00028836471028625965,0.07853247,0.07853247,0.07853247,0.07853247,0.2134734,0.07973439,0.07853247,0.07853247,0.07853247,0.07853247,0.07853247
2020-10-16,124.39285727696534,0.001522699254564941,0.0,2.0,2.8452344849938527e-05,0.08403099,0.07731733,0.07731733,0.07731733,0.21017028,0.07731733,0.087260105,0.07731733,0.07731733,0.07731733,0.07731733
2020-10-18,123.96093928128523,-0.003472224110737443,0.0,2.0,1.8767745132208802e-05,0.07819283,0.07819283,0.07819283,0.07819283,0.21255016,0.07819283,0.083714426,0.07819283,0.07819283,0.07819283,0.07819283
2020-10-19,124.60313098928805,0.005180551670491695,0.0,2.0,9.746703290147707e-05,0.07416122,0.07416122,0.07416122,0.09751886,0.2015911,0.07416122,0.07416122,0.07416122,0.107600264,0.07416122,0.07416122
2020-10-20,124.79532496376753,0.0015424444573000073,0.0,2.0,0.00018098829605150968,0.06916612,0.06916612,0.06916612,0.188013,0.188013,0.06916612,0.06916612,0.06916612,0.07064505,0.06916612,0.06916612
2020-10-21,126.40277397767544,0.012880710884928703,0.0,2.0,0.00021375295182224363,0.06995354,0.082982436,0.06995354,0.19015345,0.08182805,0.06995354,0.09843294,0.1268819,0.06995354,0.06995354,0.06995354
2020-10-22,126.48610214607913,0.0006592352292500436,0.0,2.0,7.245236338349059e-05,0.07067317,0.08891942,0.07067317,0.19210961,0.07067317,0.08718518,0.073361635,0.13438512,0.07067317,0.07067317,0.07067317
2020-10-23,126.13325441778854,-0.0027896221727132797,0.0,2.0,0.00019727576000150293,0.06872082,0.09682553,0.063212276,0.15174758,0.063212276,0.16019967,0.063212276,0.11650904,0.063212276,0.08839046,0.0647578
2020-10-25,126.72142762996637,0.004663154948502779,0.0,2.0,0.0002344456734135747,0.07877926,0.1016941,0.07877926,0.08987368,0.07877926,0.14258052,0.07877926,0.07877926,0.07877926,0.114396885,0.07877926
2020-10-26,126.5556049915627,-0.0013085327809676528,0.0,2.0,0.00036284394445829093,0.0726896,0.0726896,0.0726896,0.0726896,0.11136706,0.0726896,0.0726896,0.0726896,0.19759083,0.0734131,0.10880189
2020-10-27,126.92534747650576,0.002921594539657235,0.0,2.0,0.00013455943553708494,0.068276234,0.068276234,0.068276234,0.068276234,0.16925922,0.068276234,0.068276234,0.068276234,0.18559407,0.082800604,0.084412456
2020-10-28,126.93711914593372,9.268672147300094e-05,0.0,2.0,0.00011609014472924173,0.07256817,0.07256817,0.07256817,0.07256817,0.19726075,0.07256817,0.07256817,0.07256817,0.14962573,0.07256817,0.07256817
2020-10-29,127.08707809630263,0.0011813396122306585,0.0,2.0,0.00013405171921476722,0.07112783,0.07112783,0.07112783,0.13959403,0.1933455,0.07112783,0.07112783,0.07112783,0.09803787,0.07112783,0.07112783
2020-10-30,127.48332530771229,0.0031178765930235386,0.0,2.0,0.00024794702767394483,0.073709086,0.073709086,0.073709086,0.07390767,0.13505834,0.073709086,0.073709086,0.073709086,0.20036207,0.073709086,0.07470836
2020-11-01,127.32073050086625,-0.0012754101771861315,-0.0087872725,2.0,0.00018982429173775017,0.06741219,0.06741219,0.077955365,0.15966982,0.0950443,0.06741219,0.06741219,0.06741219,0.18324533,0.06741219,0.07961205
2020-11-02,127.65940823862636,0.0026600011624395847,0.0,2.0,0.00022262944548856467,0.07150309,0.07150309,0.07950549,0.088422984,0.07150309,0.07150309,0.118896134,0.07150309,0.16671865,0.07150309,0.11743818
2020-11-03,128.0040393095945,0.0026996370870620012,0.0,2.0,0.00020262206089682877,0.075737946,0.075737946,0.075737946,0.075737946,0.11248142,0.075737946,0.075737946,0.075737946,0.20587708,0.075737946,0.075737946
2020-11-04,128.76840669177474,0.0059714470990002155,0.0,2.0,0.00029868114506825805,0.077284805,0.072386265,0.072386265,0.13924678,0.19676629,0.072386265,0.072386265,0.072386265,0.07999831,0.072386265,0.072386265
2020-11-05,129.11782762567998,0.00271359970793128,0.0,2.0,0.00024435820523649454,0.08160052,0.10930705,0.07801045,0.13524865,0.080573194,0.07801045,0.07801045,0.12520796,0.07801045,0.07801045,0.07801045
2020-11-06,129.60924943041863,0.0038060175720602274,0.0,2.0,0.00018653387087397277,0.08136716,0.08657529,0.08136716,0.10878764,0.13383535,0.09021782,0.08136716,0.08136716,0.08136716,0.08136716,0.09238102
2020-11-08,128.46315285465187,-0.008842708542943,0.0,2.0,0.00010988207213813439,0.07544324,0.07544324,0.07544324,0.10578312,0.16204253,0.084956855,0.07544324,0.07544324,0.07544324,0.07544324,0.119114846
2020-11-09,129.59531696227788,0.0088131008669734,0.0,2.0,0.0003580795309972018,0.06807953,0.077973805,0.06807953,0.18505937,0.06807953,0.08037022,0.10779982,0.14031959,0.06807953,0.06807953,0.06807953
2020-11-10,129.46088006306817,-0.0010373855475336313,0.0,2.0,9.52940245042555e-05,0.06445677,0.07559834,0.06445677,0.17521167,0.06445677,0.06668298,0.120554775,0.17521167,0.06445677,0.06445677,0.06445677
2020-11-11,129.40753610755874,-0.0004120643134228885,0.0,2.0,0.00024261903308797628,0.058603015,0.10429131,0.058603015,0.15929952,0.058603015,0.15929952,0.0660442,0.15929952,0.058603015,0.058750916,0.058603015
2020-11-12,130.632946524961,0.009469335898756981,0.0,2.0,0.0001651196798775345,0.11220222,0.1204263,0.07142861,0.112228416,0.05592975,0.15203284,0.05592975,0.15203284,0.05592975,0.05592975,0.05592975
2020-11-13,130.53100010137968,-0.0007803746266290545,0.0,2.0,0.000238496606471017,0.15737648,0.113004714,0.08302658,0.06354015,0.06354015,0.17272004,0.06727701,0.08889442,0.06354015,0.06354015,0.06354015
2020-11-15,129.96856554743886,-0.004308843053877354,0.0,2.0,0.00014086025475990027,0.1479285,0.07789788,0.08284819,0.06458256,0.06458256,0.17133498,0.07864018,0.06458256,0.0647474,0.06458256,0.11827263
2020-11-16,131.3353056598868,0.01051592081785202,0.0,2.0,0.00038332724943757057,0.068499245,0.068499245,0.089135654,0.068499245,0.12490666,0.068499245,0.112451136,0.068499245,0.08807207,0.068499245,0.174439
2020-11-17,133.05060392543834,0.013060483150184155,0.0,2.0,0.0003332417400088161,0.06980164,0.06980164,0.06980164,0.06980164,0.18204467,0.06980164,0.06980164,0.06980164,0.18974055,0.06980164,0.06980164
2020-11-18,133.39369036045963,0.0025786003097891808,0.0,2.0,1.4442615793086588e-05,0.069627054,0.069627054,0.069627054,0.069627054,0.18926597,0.069627054,0.069627054,0.069627054,0.18409054,0.069627054,0.069627054
2020-11-19,133.53955726968658,0.0010934590827673674,0.0,2.0,0.00019842655456159264,0.07749674,0.08797825,0.07749674,0.07749674,0.15540513,0.07749674,0.07749674,0.07749674,0.11873812,0.09540135,0.07749674
2020-11-20,134.08677824856002,0.004097839817404747,0.0,2.0,0.00024756824132055044,0.079942085,0.11568206,0.07672435,0.112846695,0.07672435,0.07672435,0.07672435,0.10604818,0.07672435,0.1251349,0.07672435
2020-11-22,133.91580921768545,-0.0012750491732731462,0.0,2.0,0.00012453868112061173,0.07707106,0.08537542,0.07707106,0.11273212,0.07707106,0.10701149,0.07707106,0.07707106,0.07707106,0.15538353,0.07707106
2020-11-23,133.10921970740816,-0.006023130379617214,0.0,2.0,0.0002685781801119447,0.06575721,0.07618001,0.06575721,0.10301929,0.06575721,0.16826738,0.11009058,0.06575721,0.06575721,0.09657195,0.117084734
2020-11-24,133.46246990686035,0.0026538842357695103,0.0,2.0,0.0002859316882677376,0.06696909,0.06696909,0.06696909,0.09909151,0.06696909,0.06804314,0.18204089,0.06696909,0.06696909,0.06696909,0.18204089
2020-11-25,133.87947012146793,0.003124491311609745,0.0,2.0,0.00035544586717151105,0.08134947,0.08134947,0.08134947,0.100651704,0.08134947,0.08134947,0.10062891,0.08134947,0.14354318,0.08134947,0.08572992
2020-11-26,134.4228332682207,0.004058598540723324,0.0,2.0,0.00026137783424928784,0.07332244,0.07332244,0.07332244,0.090745844,0.13957353,0.07332244,0.17309377,0.07332244,0.08332982,0.07332244,0.07332244
2020-11-27,133.97657635977177,-0.0033197947777807713,0.0,2.0,0.00015099030861165375,0.079515904,0.079515904,0.079515904,0.1113368,0.08615836,0.079515904,0.15101375,0.079515904,0.09487974,0.079515904,0.079515904
2020-11-29,134.66215834391258,0.005117191467434168,0.0,2.0,0.00024071673396974802,0.077622615,0.077622615,0.077622615,0.077622615,0.09039635,0.077622615,0.077622615,0.077622615,0.21100014,0.077622615,0.077622615
2020-11-30,134.9134677493436,0.001866219798102975,0.006274315,2.0,0.00012745098501909524,0.082920805,0.082920805,0.082920805,0.088150196,0.082920805,0.082920805,0.082920805,0.082920805,0.15475018,0.09373318,0.082920805
2020-12-01,135.520019697259,0.004495820961892605,0.0,2.0,0.00018222762446384877,0.07534722,0.07534722,0.07534722,0.07534722,0.07534722,0.07534722,0.07534722,0.11538827,0.12188086,0.116185844,0.119114496
2020-12-02,135.94556501286385,0.0031400874722748995,0.0,2.0,0.0001634802611079067,0.073890276,0.073890276,0.073890276,0.073890276,0.073890276,0.073890276,0.073890276,0.09489681,0.07516527,0.11185137,0.20085461
2020-12-03,136.34241690963088,0.0029191842768341303,0.0,2.0,0.00011332122085150331,0.075084284,0.075084284,0.10385547,0.075084284,0.075084284,0.08459203,0.08186226,0.075084284,0.075084284,0.075084284,0.20410027
2020-12-04,135.96520259912225,-0.0027666762471199036,0.0,2.0,0.00025611778255552053,0.062494352,0.073063634,0.06988428,0.06848534,0.062494352,0.13403794,0.096584275,0.1389752,0.062494352,0.07452321,0.156963
2020-12-06,135.8666479385154,-0.0007248731562867761,0.0,2.0,0.00017662448226474226,0.076859936,0.076859936,0.076859936,0.08708592,0.076859936,0.12772392,0.09015674,0.15248147,0.076859936,0.076859936,0.081392355
2020-12-07,136.0559210155038,0.001393113168887794,0.0,2.0,0.00016600328672211617,0.07367185,0.07367185,0.07577491,0.08695207,0.07367185,0.20026085,0.10062144,0.08883985,0.07367185,0.07367185,0.07919164
2020-12-08,137.25080051841218,0.008782276883721352,0.0,2.0,0.0001646780438022688,0.06975878,0.06975878,0.06975878,0.12976107,0.06975878,0.17325541,0.08030216,0.12836984,0.06975878,0.06975878,0.06975878
2020-12-09,136.96520930672975,-0.0020807767286896706,0.0,2.0,0.00026385451201349497,0.058155198,0.081286825,0.058155198,0.07102496,0.058155198,0.15808222,0.15808222,0.15808222,0.058155198,0.08266556,0.058155198
2020-12-10,136.93101130500014,-0.00024967006174847484,0.0,2.0,0.00021736646885983646,0.07420957,0.07420957,0.07420957,0.07420957,0.07420957,0.080616914,0.14634891,0.14698187,0.078579254,0.08135859,0.095066674
2020-12-11,136.39286801409924,-0.003930017817765474,0.0,2.0,0.0002822930982802063,0.05974653,0.09911981,0.05974653,0.12419519,0.05974653,0.11846562,0.10274435,0.16240792,0.05974653,0.094334505,0.05974653
2020-12-13,142.59348095967027,0.04546145349740982,0.0,2.0,0.00035318819573149085,0.07443344,0.07443344,0.07443344,0.20233108,0.07443344,0.07443344,0.12776798,0.07443344,0.07443344,0.07443344,0.07443344
2020-12-14,144.62219706752677,0.014227223582565784,0.0,2.0,0.00044873898150399327,0.06827097,0.08613006,0.06827097,0.06827097,0.06827097,0.06827097,0.06827097,0.18557975,0.105488114,0.14490533,0.06827097
2020-12-15,145.01672430705128,0.0027279905043542385,0.0,2.0,0.0004452974535524845,0.07486364,0.07486364,0.07486364,0.07486364,0.20350048,0.07486364,0.12272677,0.07486364,0.07486364,0.07486364,0.07486364
2020-12-16,145.70242667502927,0.004728428088128567,0.0,2.0,0.00027448104810900986,0.07270367,0.07270367,0.07270367,0.11752403,0.08137982,0.09454148,0.19762906,0.07270367,0.07270367,0.07270367,0.07270367
2020-12-17,146.16783124784484,0.003194267861545086,0.0,2.0,0.0003436054103076458,0.059660062,0.093489245,0.05788547,0.05788547,0.05788547,0.15734904,0.15734904,0.15734904,0.05788547,0.06699387,0.07626781
2020-12-18,145.4275835243963,-0.005064353812485933,0.0,2.0,0.0003077811561524868,0.07548763,0.08095158,0.07548763,0.10764267,0.07548763,0.13762912,0.11757747,0.07548763,0.0853278,0.07548763,0.09343327
2020-12-20,145.37381493128754,-0.0003696992062032223,0.0,2.0,0.0002740539493970573,0.07570526,0.07190585,0.06397792,0.06397792,0.06397792,0.12070135,0.17391002,0.06397792,0.06397792,0.06397792,0.17391002
2020-12-21,145.52714996786477,0.0010547061683610082,0.0,2.0,0.00013926760584581643,0.069431685,0.069431685,0.069431685,0.069431685,0.069431685,0.069431685,0.18873489,0.069431685,0.091518,0.069431685,0.16429362
2020-12-22,146.4687922728939,0.006470595486462116,0.0,2.0,0.0002758223272394389,0.07486489,0.07486489,0.07486489,0.07486489,0.11572569,0.12682082,0.1402525,0.07486489,0.09314684,0.07486489,0.07486489
2020-12-23,149.49505330994918,0.020661449059844017,0.0,2.0,0.00013493285223376006,0.07424216,0.07424216,0.07424216,0.07424216,0.07424216,0.123478964,0.20181112,0.07424216,0.07424216,0.07424216,0.08077268
2020-12-24,151.05389141611346,0.010427325032651424,0.0,2.0,0.00013415778812486678,0.06726672,0.06941094,0.0728083,0.06726672,0.06726672,0.18284991,0.18284991,0.06726672,0.06726672,0.06726672,0.08848058
2020-12-27,151.4636773313638,0.002712829504162073,0.0,2.0,0.00019936052558477968,0.08745434,0.08881224,0.065015875,0.065015875,0.065015875,0.17673148,0.1060839,0.065015875,0.065015875,0.111440144,0.10439849
2020-12-28,151.87777082290825,0.002733939327299595,0.0,2.0,0.0004579559899866581,0.07432377,0.07432377,0.10822459,0.12156474,0.1676931,0.07432377,0.07432377,0.07432377,0.082251176,0.07432377,0.07432377
2020-12-29,152.04149651870324,0.0010780035518109798,0.0,2.0,0.00021458228002302349,0.083976366,0.083976366,0.083976366,0.083976366,0.12223854,0.083976366,0.083976366,0.09538113,0.11056939,0.083976366,0.083976366
2020-12-30,151.72446730046383,-0.002085141371935606,0.0,2.0,0.00027343176770955324,0.067970105,0.067970105,0.067970105,0.067970105,0.18476191,0.067970105,0.067970105,0.080209054,0.18476191,0.07447643,0.067970105
2020-12-31,151.11889759334593,-0.003991216886788607,0.005860471,2.0,0.00010313277743989602,0.07189406,0.07189406,0.09238083,0.07189406,0.14409287,0.0725468,0.07189406,0.07189406,0.18772109,0.07189406,0.07189406
2021-01-03,151.09258701238483,-0.00017408831627108157,0.0,2.0,0.00019803631585091352,0.086770155,0.0702535,0.07363398,0.0702535,0.0702535,0.11302051,0.0702535,0.08095684,0.18621087,0.100089006,0.07830472
2021-01-04,151.27817895047224,0.001228291541337967,0.0,2.0,0.00019369777874089777,0.072354116,0.072354116,0.09779865,0.072354116,0.096338764,0.085754,0.072354116,0.072354116,0.16738214,0.072354116,0.1186018
2021-01-05,151.49391687204212,0.0014260686002671719,0.0,2.0,0.00015060363512020558,0.071532525,0.071532525,0.098304294,0.071532525,0.07303577,0.13348673,0.071532525,0.071532525,0.19444558,0.071532525,0.071532525
2021-01-06,153.37410762353096,0.012411028146743774,0.0,2.0,0.000303474284010008,0.073262244,0.073262244,0.07823419,0.19914745,0.08677965,0.09987156,0.073262244,0.073262244,0.09639373,0.073262244,0.073262244
2021-01-07,154.2403488963366,0.005647905636578798,0.0,2.0,0.00025421351892873645,0.068565466,0.068565466,0.068565466,0.11432752,0.18638027,0.095434144,0.068565466,0.068565466,0.12389986,0.068565466,0.068565466
2021-01-08,153.26008903430582,-0.0063554150983691216,0.0,2.0,0.00026323235942982137,0.06586419,0.06586419,0.06586419,0.16639808,0.07367301,0.15963088,0.06586419,0.06586419,0.1392487,0.06586419,0.06586419
2021-01-10,156.96358780168833,0.024164780974388123,0.0,2.0,0.0001564512203913182,0.06734805,0.06734805,0.08376786,0.18307097,0.06734805,0.18307097,0.06734805,0.06734805,0.06734805,0.06734805,0.07865384
2021-01-11,157.43455670439167,0.0030004759319126606,0.0,2.0,0.00010825418576132506,0.06454173,0.06454173,0.06454173,0.17544262,0.06454173,0.17544262,0.06454173,0.06454173,0.06454173,0.06454173,0.13278094
2021-01-12,158.70664757906127,0.00808007176965475,0.0,2.0,0.00022081125644035637,0.06503699,0.06503699,0.06503699,0.06503699,0.06503699,0.17678888,0.12612629,0.06503699,0.06503699,0.06503699,0.17678888
2021-01-13,158.75801349676505,0.0003237038617953658,0.0,2.0,9.991801925934851e-05,0.065979555,0.065979555,0.065979555,0.07133388,0.065979555,0.12682992,0.16062835,0.065979555,0.065979555,0.065979555,0.17935103
2021-01-14,160.65897831305907,0.011973926797509193,0.0,2.0,0.00035005112295039,0.056760218,0.078577235,0.056760218,0.13970241,0.056760218,0.15429027,0.15429027,0.1325785,0.056760218,0.056760218,0.056760218
2021-01-15,162.15850664553082,0.00933355838060379,0.0,2.0,0.0003023807948920876,0.07359414,0.07419126,0.07359414,0.07359414,0.07359414,0.20004961,0.07359414,0.13365123,0.07359414,0.07504794,0.07549516
2021-01-17,163.73779437430855,0.009739123284816742,0.0,2.0,0.0002458845265209675,0.07230169,0.07230169,0.07230169,0.07230169,0.19653639,0.12796181,0.07230169,0.09708825,0.07230169,0.07230169,0.07230169
2021-01-18,163.8446612614249,0.000652700662612915,0.0,2.0,0.0003813095681834966,0.06236766,0.07972269,0.06236766,0.06236766,0.06236766,0.14151978,0.1695329,0.1695329,0.06236766,0.06372854,0.06412498
2021-01-19,164.77978552127985,0.0057074399664998055,0.0,2.0,0.0004971695016138256,0.077930875,0.077930875,0.077930875,0.077930875,0.077930875,0.077930875,0.077930875,0.077930875,0.2118381,0.086784065,0.077930875
2021-01-20,164.58227232917258,-0.0011986404424533248,0.0,2.0,6.093292904552072e-05,0.07591439,0.07591439,0.07591439,0.10000957,0.086318664,0.07591439,0.07591439,0.07591439,0.20635672,0.07591439,0.07591439
2021-01-21,167.85833656640725,0.019905338063836098,0.0,2.0,0.00030923992744646966,0.078402236,0.078402236,0.078402236,0.078402236,0.07900439,0.078402236,0.21311939,0.078402236,0.08065831,0.078402236,0.078402236
2021-01-22,167.78784037446175,-0.00041996673098765314,0.0,2.0,0.00011352968431310728,0.07331665,0.07331665,0.07331665,0.07331665,0.10627444,0.07331665,0.19929533,0.07331665,0.07331665,0.07331665,0.107897036
2021-01-24,167.3414186547536,-0.0026606591418385506,0.0,2.0,7.408938836306334e-05,0.07436609,0.07436609,0.07436609,0.07436609,0.07436609,0.09169708,0.202148,0.07436609,0.07436609,0.08283156,0.10276069
2021-01-25,167.85689181287933,0.003080417402088642,0.0,2.0,0.0002514946972951293,0.0738856,0.0738856,0.0738856,0.0738856,0.0738856,0.0738856,0.119684376,0.0738856,0.19704828,0.085896716,0.080171436
2021-01-26,169.85095838981664,0.011879579164087772,0.0,2.0,0.0003081823233515024,0.06537839,0.06537839,0.06537839,0.06537839,0.06537839,0.06537839,0.17771691,0.09860016,0.11451871,0.06537839,0.15151551
2021-01-27,171.46418256941237,0.009497878141701221,0.0,2.0,0.00024400136317126453,0.071429096,0.071429096,0.071429096,0.071429096,0.071429096,0.071429096,0.101422176,0.071429096,0.19416443,0.071429096,0.13298061
2021-01-28,172.85026821656587,0.008083769120275974,0.0,2.0,0.0002424891572445631,0.06291547,0.06291547,0.06291547,0.06291547,0.16180901,0.06291547,0.06291547,0.06291547,0.17102198,0.06291547,0.16384529
2021-01-29,172.44896857321004,-0.002321675419807434,0.0,2.0,0.00031082576606422663,0.10859564,0.07420684,0.07420684,0.07420684,0.096034594,0.07420684,0.07420684,0.07420684,0.20171511,0.07420684,0.07420684
2021-01-31,172.84190499189933,0.002278560772538185,0.0044244807,2.0,0.0001448167022317648,0.070594445,0.070594445,0.070594445,0.070594445,0.10576774,0.070594445,0.0712935,0.070594445,0.1918956,0.070594445,0.136882
2021-02-01,172.8230416996797,-0.00010910871787928045,0.0,2.0,8.565834286855534e-05,0.07489571,0.07489571,0.07489571,0.07489571,0.088328384,0.07540866,0.07489571,0.07489571,0.1665058,0.07489571,0.14548717
2021-02-02,172.4414081766393,-0.002208240097388625,0.0,2.0,0.000269087846390903,0.07626366,0.07626366,0.079975106,0.07626366,0.07626366,0.15610492,0.11394188,0.07626366,0.07626366,0.07914599,0.113250166
2021-02-03,171.96817427923528,-0.0027443300932645798,0.0,2.0,0.0001721264561638236,0.07165337,0.07165337,0.07165337,0.08080296,0.07165337,0.11510468,0.101340376,0.07165337,0.07165337,0.07805766,0.19477408
2021-02-04,172.73162237197403,0.0044394792057573795,0.0,2.0,0.00030418645474128425,0.07606349,0.07606349,0.07606349,0.19374393,0.08875507,0.10172273,0.07606349,0.07606349,0.07606349,0.07606349,0.0833339
2021-02-05,172.64186527020942,-0.0005196257261559367,0.0,2.0,0.0001907181867863983,0.08129182,0.08129182,0.08129182,0.1208578,0.14751585,0.08129182,0.08129182,0.08129182,0.08129182,0.08129182,0.08129182
2021-02-07,172.23923838250485,-0.00233215419575572,0.0,2.0,0.00011377655755495653,0.081134684,0.081134684,0.081134684,0.081134684,0.13129346,0.081134684,0.081134684,0.081134684,0.108643994,0.10144387,0.09067584
2021-02-08,172.94602922346928,0.004103552084416151,0.0,2.0,0.000277676444966346,0.06733275,0.06733275,0.06733275,0.06733275,0.11029157,0.06733275,0.06733275,0.06733275,0.1830294,0.08022108,0.15512866
2021-02-09,174.79257052178718,0.010677025653421879,0.0,2.0,0.00018042328883893788,0.070720576,0.070720576,0.070720576,0.070720576,0.070720576,0.070720576,0.070720576,0.123484775,0.19223846,0.08474471,0.10448804
2021-02-10,175.65659334050233,0.004943124949932098,0.0,2.0,0.00015604299551341683,0.06659174,0.06659174,0.06659174,0.06659174,0.06659174,0.06659174,0.06659174,0.18101512,0.18101512,0.10523587,0.06659174
2021-02-11,176.25834318062192,0.0034257625229656696,0.0,2.0,0.0002941352722700685,0.07971471,0.07971471,0.07971471,0.07971471,0.07971471,0.07971471,0.07971471,0.07971471,0.16076906,0.07971471,0.12179859
2021-02-12,175.90300496828692,-0.002015989739447832,0.0,2.0,0.00036358818761073053,0.07153316,0.07153316,0.07153316,0.13549994,0.07153316,0.15028104,0.13515724,0.07153316,0.07153316,0.07153316,0.07832965
2021-02-14,177.0693997680387,0.006630890071392059,0.0,2.0,0.0002651938411872834,0.063658565,0.063658565,0.063658565,0.07969548,0.063658565,0.12861079,0.17304192,0.063658565,0.063658565,0.063658565,0.17304192
2021-02-15,177.17671445343353,0.0006060723681002855,0.0,2.0,7.955644832691178e-05,0.0677517,0.0677517,0.0677517,0.0677517,0.0677517,0.101526,0.17229228,0.0677517,0.0677517,0.0677517,0.18416822
2021-02-16,177.55313488039698,0.0021245358511805534,0.0,2.0,6.641000072704628e-05,0.06465372,0.06465372,0.06465372,0.06465372,0.06465372,0.1312762,0.17574702,0.06465372,0.06465372,0.06465372,0.17574702
2021-02-17,177.64766216077246,0.0005324212834239006,0.0,2.0,0.0003618476039264351,0.06435442,0.06435442,0.06435442,0.06435442,0.13529782,0.06435442,0.06435442,0.06435442,0.17493345,0.06435442,0.17493345
2021-02-18,179.09464023060943,0.008145205676555634,0.0,2.0,0.00013991681043989956,0.072512396,0.06533939,0.06533939,0.06533939,0.06533939,0.114890166,0.06533939,0.06533939,0.17761087,0.06533939,0.17761087
2021-02-19,178.88771850377285,-0.0011553966905921698,0.0,2.0,0.00021697593911085278,0.100854576,0.08116313,0.06912288,0.06912288,0.06912288,0.121902764,0.07430704,0.09220694,0.18395111,0.06912288,0.06912288
2021-02-21,177.60703029202148,-0.007159162312746048,0.0,2.0,0.00021174557332415134,0.1117138,0.09084646,0.0602972,0.0602972,0.0602972,0.07137905,0.09526471,0.1536745,0.16390479,0.0720279,0.0602972
2021-02-22,178.29299513558445,0.003862285055220127,0.0,2.0,0.00022152216115500778,0.06800161,0.06471145,0.06286495,0.06286495,0.1372687,0.06286495,0.06286495,0.16452782,0.17088467,0.080281034,0.06286495
2021-02-23,178.32272973519795,0.0001667834585532546,0.0,2.0,7.08615334588103e-05,0.061466943,0.06424826,0.061466943,0.061466943,0.119626015,0.061466943,0.061466943,0.16708449,0.16708449,0.11315512,0.061466943
2021-02-24,179.27688276322885,0.005350708961486816,0.0,2.0,7.325730985030532e-05,0.061970305,0.068631776,0.061970305,0.061970305,0.08299738,0.061970305,0.061970305,0.16845277,0.16845277,0.13964354,0.061970305
2021-02-25,180.02755564090515,0.004187195561826229,0.0,2.0,9.495346603216603e-05,0.0652033,0.065429665,0.0652033,0.0652033,0.102287926,0.0652033,0.0652033,0.17724095,0.14149776,0.1223239,0.0652033
2021-02-26,180.2798077295715,0.0014011424500495195,0.0,2.0,0.00022796970733907074,0.07112316,0.09023797,0.064212345,0.07926489,0.064212345,0.08217507,0.064212345,0.17454726,0.071255095,0.17454726,0.064212345
2021-02-28,179.98338198312894,-0.0016442735213786364,0.0023869253,2.0,0.00027300429064780474,0.0776592,0.0776592,0.0776592,0.11071104,0.0776592,0.12050347,0.0776592,0.10451193,0.0776592,0.12065922,0.0776592
2021-03-01,181.85976799233958,0.010425384156405926,0.0,2.0,0.0002703541540540755,0.07407337,0.07407337,0.07407337,0.07407337,0.07407337,0.13198745,0.07407337,0.07407337,0.07407337,0.07407337,0.2013523
2021-03-02,181.9526641088165,0.0005108086043037474,0.0,2.0,0.00015240341599565,0.0721499,0.0721499,0.0721499,0.0721499,0.0721499,0.07640193,0.0721499,0.0721499,0.15027504,0.0721499,0.1961238
2021-03-03,181.4640867716646,-0.002685166895389557,0.0,2.0,0.00024820922408252954,0.07656422,0.07656422,0.07656422,0.09441433,0.08233923,0.088989235,0.12914182,0.07656422,0.14572999,0.07656422,0.07656422
2021-03-04,183.7118891789822,0.012386987917125225,0.0,2.0,0.00011908874148502946,0.07551622,0.07551622,0.07551622,0.07551622,0.07551622,0.07551622,0.11507965,0.07551622,0.20527437,0.07551622,0.07551622
2021-03-05,182.9665828048449,-0.004056919366121292,0.0,2.0,0.00030097170383669436,0.07641092,0.07641092,0.07641092,0.07799793,0.07641092,0.20770642,0.07641092,0.07641092,0.0934573,0.07641092,0.08596198
2021-03-07,182.7414682088203,-0.0012303475523367524,0.0,2.0,0.0001730977965053171,0.068894096,0.068894096,0.07220055,0.11682719,0.068894096,0.18727358,0.068894096,0.08439595,0.068894096,0.069135755,0.1256966
2021-03-08,184.762283766887,0.01105833612382412,0.0,2.0,0.0002181619784096256,0.070015356,0.070015356,0.10075855,0.070015356,0.070015356,0.13938494,0.07942746,0.070015356,0.070015356,0.070015356,0.19032149
2021-03-09,187.0130574087282,0.012182038277387619,0.0,2.0,9.441815927857533e-05,0.06603992,0.06603992,0.08423305,0.06603992,0.06603992,0.1443679,0.07992583,0.098421834,0.06603992,0.08333665,0.17951512
2021-03-10,186.84015866715708,-0.0009245504625141621,0.0,2.0,0.00019218839588575065,0.074144915,0.074144915,0.096208565,0.074144915,0.09045315,0.07970171,0.085179694,0.07618563,0.074144915,0.074144915,0.20154679
2021-03-11,187.46139948631853,0.0033249948173761368,0.0,2.0,0.00013556140766013414,0.074522324,0.074522324,0.074522324,0.074522324,0.08431586,0.074522324,0.08401049,0.074522324,0.14041594,0.074522324,0.16960146
2021-03-12,188.2864335572437,0.004401091951876879,0.0,2.0,0.00019118974159937352,0.07722798,0.07722798,0.07722798,0.07722798,0.0914597,0.07722798,0.07722798,0.07722798,0.20992742,0.07722798,0.08078915
2021-03-14,187.83084618385251,-0.0024196745362132788,0.0,2.0,7.420323981932597e-06,0.07721526,0.07721526,0.07721526,0.07721526,0.09516982,0.07721526,0.07721526,0.07721526,0.20989285,0.07721526,0.07721526
2021-03-15,188.0427563277386,0.001128238858655095,0.0,2.0,0.00027565116761252284,0.06558295,0.06558295,0.06558295,0.06558295,0.070390284,0.06558295,0.113983154,0.06558295,0.17827296,0.06558295,0.17827296
2021-03-16,190.5153796990983,0.013149313628673553,0.0,2.0,9.507690992904827e-05,0.07015319,0.07015319,0.07015319,0.07015319,0.07015319,0.07015319,0.11710674,0.07015319,0.19069616,0.07015319,0.13097161
2021-03-17,189.6119734636811,-0.004741912707686424,0.0,2.0,1.838434582168702e-05,0.071010806,0.071010806,0.071010806,0.071010806,0.071010806,0.071010806,0.10872762,0.071010806,0.19302739,0.071010806,0.13015853
2021-03-18,190.63896387905422,0.005416271276772022,0.0,2.0,0.0001478412887081504,0.06813879,0.06813879,0.06813879,0.06813879,0.14493148,0.06813879,0.06813879,0.06813879,0.18522045,0.06813879,0.12473777
2021-03-19,190.69432425779755,0.00029035776969976723,0.0,2.0,0.0001513258321210742,0.07519803,0.07519803,0.07519803,0.07519803,0.118808314,0.07519803,0.07519803,0.07519803,0.20440945,0.07519803,0.07519803
2021-03-21,190.73201480068852,0.0001976107305381447,0.0,2.0,6.612615106860176e-05,0.072376534,0.072376534,0.072376534,0.072376534,0.15187137,0.072376534,0.072376534,0.072376534,0.19673984,0.072376534,0.072376534
2021-03-22,195.6690648449601,0.02588479593396187,0.0,2.0,0.00045457834494300187,0.06843334,0.06843334,0.06843334,0.06843334,0.06843334,0.06843334,0.1860211,0.06843334,0.08049111,0.06843334,0.1860211
2021-03-23,195.85734884767288,0.000962205755058676,0.0,2.0,0.0003368702600710094,0.06260107,0.0724422,0.06260107,0.06260107,0.06260107,0.12302943,0.17016736,0.119058415,0.13969621,0.06260107,0.06260107
2021-03-24,196.00140610274906,0.0007355144480243325,0.0,2.0,0.00019531122234184295,0.07400764,0.07400764,0.07400764,0.08817431,0.07400764,0.118126154,0.1836514,0.091994636,0.07400764,0.07400764,0.07400764
2021-03-25,196.33538810534503,0.0017040077364072204,0.0,2.0,0.00018744092085398734,0.08040998,0.08040998,0.08616969,0.12196522,0.08976342,0.08040998,0.13923177,0.08040998,0.08040998,0.08040998,0.08040998
2021-03-26,195.88692485953757,-0.0022841941099613905,0.0,2.0,0.00016197105287574232,0.07737034,0.07737034,0.07737034,0.07737034,0.07737034,0.07737034,0.14920674,0.108934015,0.07737034,0.07737034,0.122896485
2021-03-28,197.28376734773678,0.0071308910846710205,0.0,2.0,0.00026485262787900865,0.07717988,0.07717988,0.07717988,0.07717988,0.20979667,0.07717988,0.07717988,0.07717988,0.07717988,0.07717988,0.095584415
2021-03-29,197.84831832391572,0.0028616206254810095,0.0,2.0,8.936858648667112e-05,0.0730109,0.0730109,0.0730109,0.0730109,0.19846421,0.0730109,0.0730109,0.0730109,0.10911583,0.0730109,0.10833275
2021-03-30,197.7431630076526,-0.0005314650479704142,0.0,2.0,0.00023344294459093362,0.06688256,0.06688256,0.06688256,0.06688256,0.1185128,0.06688256,0.06688256,0.10650683,0.18180564,0.07899045,0.11288893
2021-03-31,199.7937156456719,0.010369725525379181,0.00959625,2.0,0.0001353319821646437,0.06726494,0.06726494,0.06726494,0.06726494,0.18284507,0.06726494,0.06726494,0.06726494,0.18284507,0.06726494,0.09619033
2021-04-01,199.0275379868034,-0.0038348454982042313,0.0,2.0,0.00019963829254265875,0.06962826,0.06962826,0.06962826,0.06962826,0.08302594,0.06962826,0.06962826,0.06962826,0.18926924,0.06962826,0.1706787
2021-04-02,198.4344134276236,-0.0029801097698509693,0.0,2.0,0.0002014941128436476,0.06539641,0.06539641,0.06539641,0.06539641,0.06539641,0.06539641,0.16990793,0.07009567,0.13610263,0.06539641,0.16611892
2021-04-04,198.99307888700855,0.0028153173625469208,0.0,2.0,0.00022422093024943024,0.07641454,0.07641454,0.07641454,0.07641454,0.07641454,0.07641454,0.07934922,0.07641454,0.1647673,0.07641454,0.14456713
2021-04-05,199.6423926414831,0.0032629629131406546,0.0,2.0,0.00022205320419743657,0.06895574,0.06895574,0.06895574,0.06895574,0.18744114,0.06895574,0.07067049,0.06895574,0.14392342,0.06895574,0.115274765
2021-04-06,201.28951339767107,0.00825032964348793,0.0,2.0,0.000256516708759591,0.07013781,0.07013781,0.07013781,0.07013781,0.17492816,0.07013781,0.19065435,0.07013781,0.07013781,0.07013781,0.07331505
2021-04-07,202.8808042734016,0.007905510254204273,0.0,2.0,0.00021500136062968522,0.0742607,0.0742607,0.0742607,0.0742607,0.2018615,0.0742607,0.08315367,0.0742607,0.11847404,0.0742607,0.07668595
2021-04-08,203.36066434525006,0.002365217776969075,0.0,2.0,7.738586282357574e-05,0.07456142,0.07456142,0.07456142,0.07456142,0.18548958,0.07456142,0.07456142,0.07456142,0.104745254,0.07456142,0.11327381
2021-04-09,202.64642026884644,-0.0035121755208820105,0.0,2.0,0.0003081522008869797,0.077330954,0.08214691,0.077330954,0.106767505,0.077330954,0.077330954,0.077330954,0.16643935,0.077330954,0.08588986,0.0947706
2021-04-11,203.83099938665754,0.005845492705702782,0.0,2.0,0.00017377603217028081,0.06938857,0.06938857,0.06938857,0.0723498,0.06938857,0.06938857,0.06938857,0.1863211,0.13632911,0.09064404,0.09802456
2021-04-12,206.589929493221,0.013535351492464542,0.0,2.0,0.00034027243964374065,0.065765195,0.065765195,0.065765195,0.065765195,0.116341755,0.065765195,0.065765195,0.065765195,0.17876835,0.065765195,0.17876835
2021-04-13,208.34864877476323,0.0085130725055933,0.0,2.0,9.548650996293873e-05,0.06996149,0.06996149,0.06996149,0.06996149,0.12927575,0.06996149,0.06996149,0.06996149,0.18000722,0.06996149,0.13102506
2021-04-14,207.9888958809365,-0.0017266629729419947,0.0,2.0,7.09837258909829e-05,0.06948119,0.06948119,0.06948119,0.06948119,0.10704172,0.06948119,0.06948119,0.06948119,0.17059183,0.06948119,0.16651694
2021-04-15,209.87551200085488,0.009070812724530697,0.0,2.0,0.00014495103096123785,0.07482954,0.07482954,0.07482954,0.07482954,0.107819445,0.07482954,0.07482954,0.074965656,0.19936666,0.07482954,0.09404142
2021-04-16,211.0988214175402,0.005828768014907837,0.0,2.0,0.00031456429860554636,0.07699821,0.07699821,0.07699821,0.07699821,0.07792514,0.0776566,0.07699821,0.20930286,0.08902203,0.08410409,0.07699821
2021-04-18,211.21933631772012,0.0005708956159651279,0.0,2.0,0.00021306020789779723,0.07947571,0.07947571,0.07947571,0.07947571,0.1083849,0.07947571,0.07947571,0.116947494,0.07947571,0.07947571,0.13886198
2021-04-19,211.19439621411502,-0.00011806271504610777,0.0,2.0,7.764597103232518e-05,0.08113046,0.08113046,0.08113046,0.08113046,0.111708246,0.08113046,0.08113046,0.10818914,0.10339205,0.08113046,0.10879732
2021-04-20,211.916604529225,0.0034195880871266127,0.0,2.0,0.00014625095354858786,0.077768624,0.077768624,0.077768624,0.077768624,0.0931443,0.077768624,0.077768624,0.15915349,0.12555315,0.077768624,0.077768624
2021-04-21,213.45288855527983,0.007249481976032257,0.0,2.0,0.00010819831368280575,0.075541876,0.07833603,0.075541876,0.075541876,0.075541876,0.075541876,0.08452138,0.19560003,0.10019019,0.08810111,0.075541876
2021-04-22,214.29806306973606,0.003959559369832277,0.0,2.0,0.0002386719424976036,0.069703355,0.09031846,0.069703355,0.077943414,0.069703355,0.069703355,0.18947338,0.13852878,0.069703355,0.085515834,0.069703355
2021-04-23,214.0553985774747,-0.001132344827055931,0.0,2.0,0.00024821548140607774,0.08218171,0.09046104,0.08218171,0.08218171,0.09702211,0.08218171,0.08218171,0.12171277,0.08218171,0.115532234,0.08218171
2021-04-25,213.6254943159412,-0.002008351730182767,0.0,2.0,0.00027768590371124446,0.07299462,0.07299462,0.07299462,0.07299462,0.19841996,0.07299462,0.07299462,0.07299462,0.0918212,0.08880926,0.10998726
2021-04-26,214.01334368003498,0.0018155676079913974,0.0,2.0,0.00011468943557702005,0.06910023,0.06910023,0.06910023,0.06910023,0.1878339,0.06910023,0.06910023,0.06910023,0.09243074,0.06931131,0.16672243
2021-04-27,216.32859204292942,0.010818288661539555,0.0,2.0,5.00682472193148e-05,0.06892493,0.06892493,0.06892493,0.06892493,0.1873574,0.06892493,0.06892493,0.07193671,0.06892493,0.07087401,0.1873574
2021-04-28,217.3525969472998,0.004733566660434008,0.0,2.0,0.00017361631034873426,0.071466744,0.071466744,0.071466744,0.071466744,0.19426677,0.071466744,0.071466744,0.115337096,0.08744879,0.07359768,0.10054923
2021-04-29,217.56998561159162,0.0010001420741900802,0.0,2.0,0.00018853075744118541,0.07006637,0.067276314,0.067276314,0.067276314,0.12541892,0.067276314,0.067276314,0.182876,0.088010415,0.09976251,0.097484246
2021-04-30,217.2622117551592,-0.0014146133325994015,-0.0017897274,2.0,0.00024679183843545616,0.10365396,0.08652452,0.06170758,0.06170758,0.07521205,0.06170758,0.06170758,0.1677386,0.13299441,0.12533866,0.06170758
2021-05-02,216.35394904066166,-0.0041805170476436615,0.0,2.0,0.00015746906865388155,0.14476535,0.09656928,0.053256195,0.053256195,0.053256195,0.063985445,0.053256195,0.14476535,0.14476535,0.13886814,0.053256195
2021-05-03,217.87383627546464,0.007024992723017931,0.0,2.0,0.00028228561859577894,0.10604727,0.06144734,0.06144734,0.06144734,0.13936865,0.06144734,0.06144734,0.117664844,0.1670312,0.101204045,0.06144734
2021-05-04,217.44678204275291,-0.0019601183012127876,0.0,2.0,0.0002219485177192837,0.07065555,0.07119728,0.06378609,0.06378609,0.06378609,0.06378609,0.06378609,0.17338859,0.17338859,0.12865345,0.06378609
2021-05-05,218.70333530636023,0.005778713617473841,0.0,2.0,0.0003218506171833724,0.06870369,0.06870369,0.06870369,0.06870369,0.186756,0.06870369,0.06870369,0.06870369,0.186756,0.07685851,0.06870369
2021-05-06,222.68848973463412,0.018221722915768623,0.0,2.0,0.00010573714826023206,0.07363625,0.07363625,0.07363625,0.07363625,0.2001641,0.07363625,0.07363625,0.07363625,0.1371097,0.07363625,0.07363625
2021-05-07,221.66036891662324,-0.004616877064108849,0.0,2.0,0.00011696546425810084,0.078626975,0.078626975,0.078626975,0.078626975,0.21373029,0.078626975,0.078626975,0.078626975,0.078626975,0.078626975,0.078626975
2021-05-09,226.61584193497345,0.022356152534484863,0.0,2.0,8.562065886508208e-06,0.07826164,0.07826164,0.07826164,0.07826164,0.21273723,0.07826164,0.07826164,0.07826164,0.082908,0.07826164,0.07826164
2021-05-10,229.10627434477271,0.0109897181391716,0.0,2.0,0.0003673157189041376,0.071235605,0.10223867,0.071235605,0.071235605,0.071235605,0.071235605,0.071235605,0.19363846,0.11207776,0.09339586,0.071235605
2021-05-11,231.94154576909955,0.01237532775849104,0.0,2.0,0.00021980695601087064,0.06663734,0.10035493,0.06663734,0.06663734,0.06663734,0.07090552,0.18113908,0.18113908,0.06663734,0.06663734,0.06663734
2021-05-12,232.02822722399483,0.0003737501974683255,0.0,2.0,0.00021017881226725876,0.057448443,0.12263581,0.057448443,0.1320043,0.057448443,0.08834711,0.15616107,0.15616107,0.057448443,0.057448443,0.057448443
2021-05-13,233.58957439510357,0.006729097105562687,0.0,2.0,0.00020490598399192095,0.09397414,0.14165494,0.054775424,0.054775424,0.054775424,0.12946902,0.14889504,0.14889504,0.054775424,0.06323467,0.054775424
2021-05-14,232.74376463412008,-0.003620922565460205,0.0,2.0,0.0001242310827365145,0.07111221,0.1440611,0.058247156,0.07684476,0.058247156,0.0902154,0.1583322,0.1583322,0.058247156,0.06811344,0.058247156
2021-05-16,235.9380994231686,0.013724716380238533,0.0,2.0,0.00010530867439229041,0.071180515,0.15714903,0.058064546,0.058064546,0.058064546,0.058064546,0.15783581,0.15783581,0.058064546,0.10761159,0.058064546
2021-05-17,236.0898111384244,0.0006429962231777608,0.0,2.0,0.0004211807972751558,0.060075503,0.07312628,0.05994646,0.05994646,0.16295138,0.05994646,0.05994646,0.16295138,0.15112485,0.09003825,0.05994646
2021-05-18,237.71223399364624,0.006872109137475491,0.0,2.0,0.00013602024409919977,0.06832422,0.072998665,0.06567262,0.06567262,0.1785167,0.06567262,0.06567262,0.1785167,0.094065204,0.07921544,0.06567262
2021-05-19,237.8224952315619,0.0004638246027752757,0.0,2.0,0.0001448380498914048,0.07415114,0.07415114,0.07415114,0.07415114,0.20156372,0.07415114,0.07415114,0.11349754,0.08783043,0.078050345,0.07415114
2021-05-20,240.76722061802792,0.01238201092928648,0.0,2.0,8.605134644312784e-05,0.07426111,0.07426111,0.07426111,0.07426111,0.20186262,0.07426111,0.07426111,0.07426111,0.12978746,0.07426111,0.07426111
2021-05-21,239.56420366115088,-0.004996606148779392,0.0,2.0,0.00010548512364039198,0.083774455,0.0770449,0.0770449,0.0770449,0.203709,0.0770449,0.0770449,0.07812011,0.0770449,0.09508218,0.0770449
2021-05-23,239.47093232350377,-0.0003893307875841856,0.0,2.0,0.00025244877906516194,0.08811259,0.07967241,0.103521645,0.07967241,0.07967241,0.07967241,0.07967241,0.10818193,0.07967241,0.092894375,0.129255
2021-05-24,240.47944638175096,0.004211436491459608,0.0,2.0,0.00010466871754033491,0.07483559,0.073007986,0.1218419,0.073007986,0.073007986,0.09152291,0.079836,0.11800212,0.073007986,0.08049469,0.14143479
2021-05-25,241.6651007147348,0.004930419381707907,0.0,2.0,0.00031188156572170556,0.07079915,0.077401176,0.0725427,0.07532538,0.07079915,0.07079915,0.07079915,0.19245206,0.13336948,0.09491347,0.07079915
2021-05-26,243.4456815786726,0.007367931772023439,0.0,2.0,8.424300176557153e-05,0.06801664,0.07767746,0.06801664,0.07444342,0.06801664,0.06801664,0.06801664,0.18488841,0.17521471,0.07967619,0.06801664
2021-05-27,244.63795077712564,0.004897518549114466,0.0,2.0,0.00021513177489396185,0.08068591,0.08432376,0.07362453,0.08165506,0.12592536,0.07432289,0.07362453,0.14319023,0.11539862,0.07362453,0.07362453
2021-05-28,244.29773386226134,-0.0013906755484640598,0.0,2.0,0.00020413449965417385,0.0835242,0.08496002,0.0835242,0.08453978,0.0835242,0.09072668,0.0835242,0.0835242,0.13533571,0.0835242,0.10329265
2021-05-30,244.36518170958297,0.0002760542556643486,0.0,2.0,0.00017861452943179756,0.09272352,0.08749393,0.077558555,0.077558555,0.077558555,0.11196353,0.077558555,0.0828379,0.077558555,0.077558555,0.15962985
2021-05-31,245.3457468261704,0.004012672230601311,0.001092237,2.0,0.00015218615590129048,0.07212641,0.07212641,0.07212641,0.11722155,0.07212641,0.10970729,0.07212641,0.07212641,0.07212641,0.07212641,0.19605993
2021-06-01,246.79721212026237,0.005915999878197908,0.0,2.0,7.418485620291904e-05,0.07558708,0.07558708,0.07558708,0.09471066,0.07558708,0.09512574,0.07558708,0.07558708,0.07558708,0.07558708,0.205467
2021-06-02,247.44419878261883,0.002621500054374337,0.0,2.0,0.0002399992517894134,0.076970115,0.076970115,0.076970115,0.16886948,0.076970115,0.12607542,0.080796935,0.076970115,0.076970115,0.076970115,0.08546737
2021-06-03,249.04238130468235,0.006458727177232504,0.0,2.0,0.00019227390293963253,0.06323627,0.06323627,0.06323627,0.171894,0.06323627,0.171894,0.08354519,0.06323627,0.06323627,0.06323627,0.13001296
2021-06-04,248.01205352644084,-0.004137169104069471,0.0,2.0,0.0001594548230059445,0.06691537,0.06691537,0.06691537,0.18189484,0.06691537,0.18189484,0.06691537,0.06691537,0.10088739,0.06691537,0.06691537
2021-06-06,249.15945483370274,0.004626411013305187,0.0,2.0,0.0002117539115715772,0.06356673,0.06356673,0.06356673,0.14588156,0.06356673,0.17279229,0.17279229,0.06356673,0.06356673,0.06356673,0.06356673
2021-06-07,249.25955098347987,0.00040169485146179795,0.0,2.0,0.00017069744353648275,0.06857115,0.06857115,0.06857115,0.07315964,0.09714045,0.1601655,0.18639573,0.06857115,0.07171177,0.06857115,0.06857115
2021-06-08,249.86010172860077,0.0024093405809253454,0.0,2.0,6.9253976107575e-05,0.06912829,0.071153305,0.06912829,0.06912829,0.06912829,0.18791018,0.18791018,0.06912829,0.06912829,0.06912829,0.06912829
2021-06-09,252.8826000767069,0.012096737511456013,0.0,2.0,0.00017040556122083217,0.07121131,0.07121131,0.07121131,0.07121131,0.13402969,0.10270739,0.19357242,0.07121131,0.07121131,0.07121131,0.07121131
2021-06-10,253.0314909489206,0.0005887412698939443,0.0,2.0,0.00030794073245488107,0.096043915,0.081095025,0.063656494,0.063656494,0.09089153,0.06529506,0.14581071,0.06821761,0.17303629,0.088640355,0.063656494
2021-06-11,253.3177143387386,0.0011311492417007685,0.0,2.0,0.0002779782225843519,0.09169197,0.0716761,0.072822556,0.0716761,0.19483584,0.0716761,0.12858233,0.0716761,0.08201067,0.0716761,0.0716761
2021-06-13,253.0177140486907,-0.001184282824397087,0.0,2.0,0.00017682233010418713,0.09282936,0.071384914,0.07093443,0.07093443,0.16921861,0.07093443,0.07093443,0.07093443,0.16849826,0.07246234,0.07093443
2021-06-14,253.46902898143168,0.0017837525811046362,0.0,2.0,0.00010589422890916467,0.08618757,0.077786885,0.077786885,0.077786885,0.14325412,0.077786885,0.077786885,0.077786885,0.14815742,0.07789273,0.077786885
2021-06-15,253.61941333092574,0.0005933624925091863,0.0,2.0,0.0003221619699615985,0.08002324,0.07428315,0.07428315,0.07428315,0.07428315,0.07428315,0.07428315,0.10617048,0.07973041,0.086454436,0.20192255
2021-06-16,253.49311167286876,-0.0004979691002517939,0.0,2.0,7.52246196498163e-05,0.07541047,0.07541047,0.07541047,0.093114406,0.07541047,0.07541047,0.07541047,0.1019117,0.08994456,0.08938475,0.17318179
2021-06-17,254.46210558924943,0.0038225080352276564,0.0,2.0,0.00012943355250172317,0.07402373,0.07402373,0.08652605,0.106969215,0.07402373,0.08712125,0.07402373,0.07402373,0.07402373,0.07402373,0.20121738
2021-06-18,255.7395110572924,0.005019970238208771,0.0,2.0,2.618449980218429e-05,0.07388764,0.07388764,0.097769566,0.10881795,0.07388764,0.07535158,0.07388764,0.07388764,0.07388764,0.07388764,0.20084745
2021-06-20,255.2677320763683,-0.00184479053132236,0.0,2.0,0.00019424845231696963,0.06373719,0.06373719,0.10198467,0.09003775,0.06373719,0.11355607,0.06373719,0.12334298,0.06373719,0.079136916,0.17325567
2021-06-21,256.16034362586447,0.003496745601296425,0.0,2.0,0.00018883452867157757,0.0716642,0.0716642,0.13521908,0.0716642,0.0716642,0.09276779,0.0716642,0.0755603,0.0716642,0.0716642,0.1948035
2021-06-22,258.5529850991718,0.009340430609881878,0.0,2.0,0.00017790751007851213,0.071626954,0.071626954,0.071626954,0.071626954,0.071626954,0.071626954,0.071626954,0.071626954,0.15628815,0.07599397,0.19470227
2021-06-23,259.24993030141064,0.002695507602766156,0.0,2.0,0.000366927677532658,0.0814304,0.0814304,0.091549955,0.0903098,0.09623339,0.0814304,0.09811635,0.13054232,0.0814304,0.0814304,0.08609617
2021-06-24,259.4242345014519,0.0006723757833242416,0.0,2.0,0.00011690217070281506,0.077576146,0.077576146,0.077576146,0.10873315,0.11999403,0.077576146,0.077576146,0.1385498,0.089690045,0.077576146,0.077576146
2021-06-25,258.67467094052154,-0.0028893647249788046,0.0,2.0,0.00018756765348371118,0.070517465,0.070773035,0.070517465,0.09946368,0.070517465,0.11398754,0.070517465,0.19168635,0.092800185,0.07870186,0.070517465
2021-06-27,258.6972432027048,8.721713675186038e-05,0.0,2.0,7.254672527778894e-05,0.067849666,0.067849666,0.067849666,0.10025116,0.067849666,0.122317575,0.09767332,0.18443453,0.08822541,0.067849666,0.067849666
2021-06-28,258.38146608905566,-0.0012206488754600286,0.0,2.0,0.00023503572447225451,0.07148271,0.07148271,0.07148271,0.07148271,0.07148271,0.08475595,0.08639884,0.14452124,0.183945,0.07148271,0.07148271
2021-06-29,260.96635633731375,0.010004179552197456,0.0,2.0,0.000157224596478045,0.078402646,0.078402646,0.078402646,0.078402646,0.078402646,0.078402646,0.08025846,0.078402646,0.21312049,0.07939994,0.078402646
2021-06-30,262.42094855610185,0.005573818925768137,0.009334601,2.0,4.808888206753181e-06,0.078626975,0.078626975,0.078626975,0.078626975,0.078626975,0.078626975,0.078626975,0.078626975,0.21373029,0.078626975,0.078626975
2021-07-01,264.52160300264916,0.008004847913980484,0.0,2.0,5.885653536097379e-06,0.078375846,0.078375846,0.078375846,0.078375846,0.08156981,0.078375846,0.078375846,0.078375846,0.21304764,0.078375846,0.078375846
2021-07-02,263.93828180404927,-0.002205176744610071,0.0,2.0,0.00037460974999703467,0.07115653,0.07115653,0.07115653,0.07115653,0.07115653,0.07115653,0.15063304,0.07115653,0.08669123,0.07115653,0.19342351
2021-07-04,265.6753405224729,0.00658129109069705,0.0,2.0,0.00010073129669763148,0.06790686,0.06790686,0.06790686,0.06790686,0.06790686,0.08756525,0.18458998,0.06790686,0.06790686,0.06790686,0.18458998
2021-07-05,265.8216603973811,0.0005507980240508914,0.0,2.0,4.867133611696772e-05,0.0660957,0.0660957,0.0660957,0.0660957,0.0660957,0.1119009,0.17966676,0.0660957,0.0660957,0.0660957,0.17966676
2021-07-06,266.91472045618315,0.004112004768103361,0.0,2.0,4.2873569327639416e-05,0.064500295,0.064500295,0.064500295,0.064500295,0.064500295,0.13333766,0.17532998,0.064500295,0.064500295,0.064500295,0.17532998
2021-07-07,271.60015339643434,0.01755400188267231,0.0,2.0,0.00025420269230380654,0.07448591,0.07448591,0.07448591,0.094558604,0.07448591,0.10708041,0.20247371,0.07448591,0.07448591,0.07448591,0.07448591
2021-07-08,273.152740208909,0.005716492887586355,0.0,2.0,4.50963489129208e-05,0.073201776,0.073201776,0.073201776,0.08549187,0.073201776,0.1060786,0.19898306,0.073201776,0.073201776,0.073201776,0.097034104
2021-07-09,273.3787228769571,0.000827344658318907,0.0,2.0,0.0001128909716499038,0.07333358,0.08266784,0.07333358,0.08958786,0.07333358,0.07333358,0.19934134,0.11506785,0.07333358,0.07333358,0.07333358
2021-07-11,273.9972348853239,0.002262452617287636,0.0,2.0,0.00016395834973081946,0.06579484,0.087467976,0.06579484,0.06579484,0.08296196,0.06579484,0.17884892,0.17295848,0.06579484,0.082993634,0.06579484
2021-07-12,274.3438548080337,0.0012649944983422756,0.0,2.0,8.864254778018221e-05,0.06508384,0.08877795,0.062373783,0.062373783,0.069165304,0.062373783,0.16954952,0.16954952,0.062373783,0.1260049,0.062373783
2021-07-13,274.3443780774101,1.9185317796655e-06,0.0,2.0,7.276090764207765e-05,0.06273387,0.07512447,0.06273387,0.06273387,0.102766484,0.06273387,0.17052835,0.16766328,0.06273387,0.10751415,0.06273387
2021-07-14,275.88096153197006,0.005600952077656984,0.0,2.0,0.00020563106227200478,0.07143971,0.07143971,0.07143971,0.07143971,0.12968205,0.07143971,0.19419327,0.084374756,0.07143971,0.091671914,0.07143971
2021-07-15,275.53475404652704,-0.0012549383100122213,0.0,2.0,0.0001802834594855085,0.083758414,0.083758414,0.083758414,0.083758414,0.11511203,0.083758414,0.12715143,0.083758414,0.083758414,0.083758414,0.08766926
2021-07-16,278.811107005997,0.011890913359820843,0.0,2.0,0.00024505521287210286,0.07285052,0.07285052,0.07285052,0.12573361,0.07285052,0.09343395,0.19802825,0.07285052,0.07285052,0.07285052,0.07285052
2021-07-18,281.3255762335881,0.009018530137836933,0.0,2.0,0.0002633693802636117,0.071177,0.071177,0.071177,0.071177,0.071177,0.10123253,0.13094132,0.071177,0.18027233,0.071177,0.089314856
2021-07-19,282.847099240521,0.005408348515629768,0.0,2.0,0.00016066561511252075,0.068238646,0.068238646,0.068238646,0.068238646,0.068238646,0.15542336,0.068238646,0.068238646,0.18549189,0.08025229,0.101161994
2021-07-20,283.06383855578264,0.0007662529242224991,0.0,2.0,6.801402196288109e-05,0.069298446,0.069298446,0.069298446,0.069298446,0.069298446,0.12630895,0.069298446,0.069298446,0.18837272,0.10395982,0.09626935
2021-07-21,285.348195230777,0.008070139214396477,0.0,2.0,0.00016984871763270348,0.06665745,0.06665745,0.06665745,0.06665745,0.06665745,0.070188805,0.06665745,0.06665745,0.18119374,0.10082161,0.18119374
2021-07-22,286.5286238633819,0.004136804491281509,0.0,2.0,6.59919751342386e-05,0.06617909,0.06617909,0.06617909,0.06617909,0.09965345,0.06617909,0.06617909,0.06617909,0.17989343,0.07730611,0.17989343
2021-07-23,285.8030464740918,-0.002532299840822816,0.0,2.0,0.0002233326231362298,0.0727666,0.0727666,0.0727666,0.0727666,0.12520508,0.094588436,0.07304011,0.0727666,0.0727666,0.0727666,0.19780014
2021-07-25,288.45028078376396,0.0092624481767416,0.0,2.0,9.09447917365469e-05,0.07058556,0.07058556,0.07058556,0.07058556,0.13242128,0.07058556,0.07058556,0.07058556,0.111022785,0.07058556,0.19187145
2021-07-26,290.28827874581606,0.006371962372213602,0.0,2.0,0.0002892787160817534,0.07038696,0.07038696,0.07038696,0.07038696,0.08135762,0.19133161,0.09447889,0.07038696,0.07038696,0.07038696,0.14012317
2021-07-27,290.8984351544653,0.0021018574479967356,0.0,2.0,0.00010092629963764921,0.07227004,0.07227004,0.07227004,0.07227004,0.08156239,0.14086846,0.12113247,0.07227004,0.07227004,0.07227004,0.15054639
2021-07-28,291.5895636244842,0.002375861629843712,0.0,2.0,5.268914537737146e-05,0.070138514,0.070138514,0.070138514,0.070138514,0.070138514,0.15555179,0.12663598,0.070138514,0.070138514,0.070138514,0.1567041
2021-07-29,293.8973965686056,0.007914707064628601,0.0,2.0,0.00012044217874063179,0.06753887,0.06753887,0.06753887,0.06753887,0.070197925,0.113528214,0.15991208,0.06753887,0.06753887,0.06753887,0.1835897
2021-07-30,293.5980199314235,-0.0010186589788645506,0.0,2.0,0.00028062096680514514,0.070248626,0.070248626,0.070248626,0.070248626,0.070248626,0.08655877,0.17418568,0.11473746,0.13277769,0.070248626,0.070248626
2021-08-01,294.1075092741299,0.0017353624571114779,-0.0013922168,2.0,0.00023102157865650952,0.06523671,0.07498659,0.06523671,0.06523671,0.06523671,0.107935295,0.08373449,0.14821485,0.17733178,0.08161346,0.06523671
2021-08-02,294.19368760762643,0.0002930418122559786,0.0,2.0,7.751434168312699e-05,0.06616041,0.07366974,0.06616041,0.06616041,0.06616041,0.09603478,0.06616041,0.17984265,0.17984265,0.07364775,0.06616041
2021-08-03,294.3625526452859,0.000573939410969615,0.0,2.0,9.848751687968615e-06,0.07058479,0.07180004,0.06607058,0.06607058,0.06607058,0.093917616,0.06607058,0.17959847,0.17959847,0.07414773,0.06607058
2021-08-04,295.03745305486837,0.0022926998790353537,0.0,2.0,0.00034034185227937996,0.067041256,0.067041256,0.067041256,0.067041256,0.067041256,0.12080738,0.090273246,0.07444766,0.12998715,0.067041256,0.18223704
2021-08-05,295.8353118441394,0.002704208716750145,0.0,2.0,0.00019032771524507552,0.062396586,0.062396586,0.062396586,0.062396586,0.062396586,0.11758214,0.062396586,0.16961151,0.12480344,0.06463056,0.14899284
2021-08-06,295.7481687739701,-0.00029458850622177124,0.0,2.0,8.192648965632543e-05,0.06284071,0.06371299,0.06284071,0.06284071,0.06284071,0.10935917,0.07207096,0.17081878,0.09206319,0.06979335,0.17081878
2021-08-08,295.9714798287976,0.0007551178568974137,0.0,2.0,0.0003257297503296286,0.07325041,0.07325041,0.07325041,0.07325041,0.07325041,0.07325041,0.07325041,0.07325041,0.19911528,0.07325041,0.14163105
2021-08-09,296.4255309626588,0.00153406523168087,0.0,2.0,0.000293929100735113,0.06368541,0.075372815,0.06368541,0.06368541,0.06368541,0.06980995,0.071932316,0.17311491,0.17311491,0.118228026,0.06368541
2021-08-10,296.5055685359523,0.0002700088080018759,0.0,2.0,0.0001771499664755538,0.07383791,0.07383791,0.07383791,0.07383791,0.07383791,0.07383791,0.07383791,0.08607489,0.20071226,0.12250961,0.07383791
2021-08-11,296.91883651883126,0.0013937570620328188,0.0,2.0,0.00011187116615474224,0.0686192,0.0686192,0.0686192,0.0686192,0.0686192,0.0686192,0.0686192,0.12140717,0.18652634,0.14311285,0.0686192
2021-08-12,297.547991239033,0.002118998672813177,0.0,2.0,0.00010762207966763526,0.06383976,0.07030294,0.06383976,0.06383976,0.06383976,0.06383976,0.06383976,0.17353448,0.17353448,0.13574974,0.06383976
2021-08-13,297.55405669190696,2.0426858100108802e-05,0.0,2.0,0.00023793840955477208,0.07423964,0.07423964,0.07423964,0.07423964,0.07423964,0.07423964,0.10531238,0.128077,0.13772646,0.09804605,0.085400246
2021-08-15,297.69303288368025,0.0004670159542001784,0.0,2.0,0.000216969390749,0.07823636,0.07823636,0.07823636,0.07823636,0.07823636,0.07823636,0.13453104,0.080824934,0.09630353,0.07823636,0.14068599
2021-08-16,298.1551546891349,0.001552375964820385,0.0,2.0,0.0002095682721119374,0.08521645,0.08521645,0.08521645,0.08521645,0.08521645,0.08521645,0.08521645,0.09784555,0.12953475,0.0908881,0.08521645
2021-08-17,298.60061340573236,0.0014940190594643354,0.0,2.0,2.8347292754915543e-05,0.08297636,0.08297636,0.08297636,0.08448332,0.08297636,0.08873148,0.08297636,0.10167397,0.13170815,0.095544904,0.08297636
2021-08-18,299.5383891559133,0.003140593646094203,0.0,2.0,0.00015265152615029365,0.06992611,0.08355606,0.06992611,0.10717619,0.06992611,0.078297496,0.06992611,0.1472644,0.13917086,0.09490435,0.06992611
2021-08-19,300.1784864359399,0.002136960392817855,0.0,2.0,0.00020896289788652211,0.062262297,0.08524603,0.062262297,0.14618574,0.062262297,0.11236083,0.062262297,0.16924648,0.07300858,0.10264098,0.062262297
2021-08-20,299.1440943868466,-0.003445941722020507,0.0,2.0,0.00018212688155472279,0.07063135,0.08865397,0.07063135,0.19199593,0.07063135,0.09962441,0.07063135,0.11912301,0.07063135,0.0768146,0.07063135
2021-08-22,299.97235108166757,0.002768771257251501,0.0,2.0,0.0002230592508567497,0.07331713,0.07331713,0.07331713,0.15603657,0.07331713,0.08869434,0.07331713,0.07331713,0.07331713,0.07331713,0.16873205
2021-08-23,302.665791692532,0.00897898618131876,0.0,2.0,0.0001645814918447286,0.07374582,0.07374582,0.07374582,0.07374582,0.07374582,0.10314515,0.1051878,0.07498441,0.07374582,0.07374582,0.20046192
2021-08-24,305.5862615937324,0.009649159386754036,0.0,2.0,6.205420504556969e-05,0.07282239,0.07282239,0.07282239,0.07282239,0.07282239,0.083254166,0.13621491,0.07282239,0.07282239,0.07282239,0.19795181
2021-08-25,306.11178232491346,0.001719756401143968,0.0,2.0,9.967110236175358e-05,0.06844415,0.06844415,0.06844415,0.06844415,0.06844415,0.08034592,0.18605049,0.06844415,0.06844415,0.06844415,0.18605049
2021-08-26,306.8182917025829,0.0023079984821379185,0.0,2.0,0.0001467824331484735,0.072014086,0.072014086,0.072014086,0.072014086,0.072014086,0.072014086,0.12099107,0.072014086,0.10714166,0.072014086,0.19575459
2021-08-27,306.0410421150678,-0.002533236751332879,0.0,2.0,0.0001504108658991754,0.07943269,0.07943269,0.07943269,0.07943269,0.07943269,0.07943269,0.10494804,0.07943269,0.122998245,0.07943269,0.13659218
2021-08-29,306.8521672134565,0.0026503237895667553,0.0,2.0,8.117344259517267e-05,0.075520344,0.075520344,0.075520344,0.075520344,0.075520344,0.075520344,0.095660076,0.075520344,0.124665655,0.075520344,0.1755115
2021-08-30,306.61968538229627,-0.0007576124044135213,0.0,2.0,6.519984890474007e-05,0.07256953,0.07256953,0.07256953,0.07256953,0.07256953,0.07256953,0.10650706,0.07256953,0.11567229,0.07256953,0.19726445
2021-08-31,308.6703209095873,0.006687917280942202,-0.007985594,2.0,6.175355520099401e-05,0.075450286,0.075450286,0.075450286,0.075450286,0.075450286,0.075450286,0.10461799,0.075450286,0.0866846,0.075450286,0.20509516
2021-09-01,312.74941926473196,0.0132150212302804,0.0,2.0,4.643939610105008e-05,0.07442749,0.07442749,0.07442749,0.07442749,0.07442749,0.07442749,0.12783769,0.07442749,0.07442749,0.07442749,0.20231491
2021-09-02,313.76011424616956,0.0032316003926098347,0.0,2.0,1.7775222659111023e-05,0.073873684,0.073873684,0.073873684,0.073873684,0.073873684,0.08331512,0.12488597,0.073873684,0.073873684,0.073873684,0.20080951
2021-09-03,313.6367587553916,-0.0003931662649847567,0.0,2.0,7.501813524868339e-05,0.07350942,0.07350942,0.07350942,0.07350942,0.07350942,0.104286015,0.14142412,0.07350942,0.07350942,0.07350942,0.16621456
2021-09-05,315.43256172529794,0.005725773051381111,0.0,2.0,0.0002584165195003152,0.08121507,0.08121507,0.08121507,0.08121507,0.08121507,0.117197394,0.09721533,0.08121507,0.13586667,0.08121507,0.08121507
2021-09-06,315.9335021181861,0.001588076469488442,0.0,2.0,0.0001101664311136119,0.078841425,0.078841425,0.078841425,0.09403934,0.078841425,0.13744263,0.08739182,0.103228755,0.10484882,0.078841425,0.078841425
2021-09-07,315.6979814983769,-0.0007455015438608825,0.0,2.0,0.00016487773973494768,0.08036176,0.08036176,0.08036176,0.08036176,0.08036176,0.09523896,0.08036176,0.08370122,0.17374256,0.08036176,0.08478487
2021-09-08,317.8489979519436,0.006813505198806524,0.0,2.0,0.00014052502228878438,0.083389536,0.083389536,0.083389536,0.083389536,0.083389536,0.083389536,0.09418441,0.083389536,0.115641214,0.083389536,0.123058125
2021-09-09,319.57934584631073,0.005443885922431946,0.0,2.0,0.0001761523017194122,0.076218046,0.076218046,0.076218046,0.076218046,0.076218046,0.076218046,0.076218046,0.076218046,0.20371735,0.08167939,0.10485891
2021-09-10,321.56853355945924,0.006224338430911303,0.0,2.0,0.00025889172684401274,0.08125,0.08125,0.08125,0.08125,0.08125,0.08152985,0.14416915,0.08125,0.093568504,0.10767061,0.085561864
2021-09-12,321.66467512217946,0.00029901033849455416,0.0,2.0,0.0001395353756379336,0.07794143,0.08100187,0.07794143,0.07794143,0.07794143,0.09919175,0.19627498,0.07794143,0.07794143,0.07794143,0.07794143
2021-09-13,324.2855460557033,0.008147870190441608,0.0,2.0,5.690074249287136e-05,0.07476769,0.07476769,0.07476769,0.07476769,0.07476769,0.11358854,0.20323966,0.08503029,0.07476769,0.07476769,0.07476769
2021-09-14,326.79262357301616,0.007731059566140175,0.0,2.0,0.00016715191304683685,0.07190037,0.07190037,0.07190037,0.07190037,0.07190037,0.073045604,0.19340782,0.07190037,0.15834366,0.07190037,0.07190037
2021-09-15,326.50165585757793,-0.0008903750567696989,0.0,2.0,8.75137047842145e-05,0.07093155,0.07093155,0.07093155,0.07093155,0.07093155,0.085183136,0.171895,0.07093155,0.14288138,0.07093155,0.103519686
2021-09-16,327.17858781085016,0.0020732504781335592,0.0,2.0,0.00010112299059983343,0.07290994,0.07290994,0.07290994,0.07290994,0.07290994,0.07290994,0.13460033,0.07290994,0.17959411,0.07290994,0.10252604
2021-09-17,327.0744505297357,-0.0003183041699230671,0.0,2.0,0.00010525658581173047,0.07523299,0.07523299,0.07523299,0.07523299,0.07523299,0.07523299,0.109265104,0.08436651,0.20450447,0.07523299,0.07523299
2021-09-19,327.0178950809064,-0.0001729251234792173,0.0,2.0,0.0001005289814202115,0.07457068,0.07457068,0.07457068,0.07457068,0.09155092,0.07457068,0.07457068,0.07457068,0.20270412,0.07457068,0.10917956
2021-09-20,328.8302802776168,0.005542210768908262,0.0,2.0,8.46996990730986e-05,0.07326646,0.07326646,0.07326646,0.07326646,0.13180506,0.07326646,0.07326646,0.07371175,0.1991589,0.076666355,0.07905912
2021-09-21,329.0120489345438,0.0005527875619009137,0.0,2.0,0.00010994887998094782,0.067595184,0.067595184,0.067595184,0.067595184,0.16023414,0.067595184,0.067595184,0.068181165,0.18374278,0.080409646,0.10186124
2021-09-22,333.182488198753,0.012675643898546696,0.0,2.0,0.00015267117123585194,0.06225089,0.06225089,0.06225089,0.06225089,0.16921547,0.06225089,0.06225089,0.06225089,0.16356197,0.06225089,0.16921547
2021-09-23,334.04116131977247,0.0025771870277822018,0.0,2.0,0.00012602364586200565,0.06979701,0.06979701,0.06979701,0.06979701,0.1411141,0.06979701,0.06979701,0.06979701,0.16620481,0.06979701,0.134305
2021-09-24,333.8620871393536,-0.0005360888317227364,0.0,2.0,0.00012136672739870846,0.0702878,0.0702878,0.0702878,0.0702878,0.11510295,0.0702878,0.0702878,0.0702878,0.13153262,0.0702878,0.19106205
2021-09-26,334.30744312154866,0.0013339801225811243,0.0,2.0,0.00010231015039607882,0.06720704,0.06720704,0.06720704,0.06720704,0.09696833,0.06720704,0.06720704,0.06720704,0.18268768,0.06720704,0.18268768
2021-09-27,336.1935448872544,0.005641796626150608,0.0,2.0,5.83672990615014e-05,0.06992983,0.06992983,0.06992983,0.06992983,0.06992983,0.06992983,0.06992983,0.06992983,0.190089,0.06992983,0.18054254
2021-09-28,338.4533488049023,0.006721763871610165,0.0,2.0,8.64958838064922e-06,0.06952634,0.06952634,0.06952634,0.06952634,0.06952634,0.06952634,0.07224924,0.06952634,0.18899219,0.06952634,0.18254796
2021-09-29,338.87477095602287,0.0012451435904949903,0.0,2.0,0.00010694266529753804,0.06992201,0.06992201,0.06992201,0.06992201,0.06992201,0.06992201,0.115035385,0.06992201,0.13552082,0.06992201,0.19006774
2021-09-30,339.16910364878737,0.000868613482452929,0.01997478,2.0,0.00015010280185379088,0.076465175,0.076465175,0.076465175,0.076465175,0.076465175,0.08138511,0.099039674,0.076465175,0.076465175,0.076465175,0.2078539
2021-10-01,338.915776276843,-0.0007469226839020848,0.0,2.0,4.510367944021709e-05,0.07482014,0.07482014,0.07482014,0.07760238,0.07482014,0.07482014,0.12045426,0.07482014,0.07482014,0.07482014,0.20338224
2021-10-03,342.9246960901,0.011828677728772163,0.0,2.0,2.6330428227083758e-05,0.07359184,0.07359184,0.07359184,0.07866092,0.07359184,0.07359184,0.13256094,0.07359184,0.07359184,0.07359184,0.2000434
2021-10-04,343.83382217113126,0.002651083981618285,0.0,2.0,0.00010879137698793784,0.078165226,0.078165226,0.078165226,0.0811537,0.078165226,0.08104931,0.078165226,0.078165226,0.078165226,0.078165226,0.21247514
2021-10-05,345.5252406407646,0.004919279366731644,0.0,2.0,0.00019755031098611653,0.07284811,0.07284811,0.07284811,0.10067526,0.07284811,0.08004418,0.11136572,0.12421834,0.07284811,0.07284811,0.14660783
2021-10-06,346.44657450004763,0.0026664675679057837,0.0,2.0,0.00022503889340441674,0.07069141,0.07069141,0.07069141,0.07069141,0.07069141,0.123593725,0.11239476,0.19215919,0.07069141,0.07069141,0.07701246
2021-10-07,346.7065144972323,0.0007503498927690089,0.0,2.0,0.000248157128226012,0.061967883,0.088611275,0.061967883,0.061967883,0.061967883,0.1491416,0.061967883,0.16844618,0.1272654,0.09472826,0.061967883
2021-10-08,346.4195558826261,-0.0008276968728750944,0.0,2.0,0.00017927972658071667,0.062368374,0.095717415,0.062368374,0.062368374,0.062368374,0.10347757,0.14141056,0.16953482,0.09302089,0.084996976,0.062368374
2021-10-10,346.1551348468218,-0.0007632714696228504,0.0,2.0,0.00013074440357740968,0.060726978,0.08140422,0.060726978,0.060726978,0.060726978,0.0691365,0.14369804,0.16507305,0.15610556,0.080947734,0.060726978
2021-10-11,350.1747907707324,0.011612343601882458,0.0,2.0,0.00013813796977046877,0.06375635,0.06987638,0.06375635,0.06375635,0.06375635,0.06375635,0.09153706,0.17330773,0.17330773,0.10943302,0.06375635
2021-10-12,355.42319147011216,0.014987977221608162,0.0,2.0,0.00013511351426132023,0.06371296,0.07126402,0.06371296,0.06371296,0.06371296,0.06371296,0.15770614,0.1731898,0.11015501,0.10540721,0.06371296
2021-10-13,355.2131434535982,-0.000590955838561058,0.0,2.0,0.00027549618971534073,0.074776195,0.074776195,0.074776195,0.074776195,0.09903005,0.074776195,0.07497733,0.1294634,0.15375769,0.094114326,0.074776195
2021-10-14,356.3623364424931,0.0032352737616747618,0.0,2.0,0.00027376110665500164,0.0770519,0.0770519,0.0770519,0.08778492,0.20944878,0.0770519,0.0770519,0.0770519,0.082178496,0.0812245,0.0770519
2021-10-15,352.4163811680545,-0.011072850786149502,0.0,2.0,0.0001222325226990506,0.07235122,0.07235122,0.07235122,0.07235122,0.19667101,0.07235122,0.07235122,0.07235122,0.1381875,0.086331755,0.07235122
2021-10-17,353.5414859654251,0.0031925439834594727,0.0,2.0,0.0003413251251913607,0.08209796,0.08209796,0.08209796,0.08209796,0.08209796,0.090065986,0.08209796,0.08209796,0.08209796,0.091977954,0.16117233
2021-10-18,355.44940955294464,0.005396547261625528,0.0,2.0,0.000177047768374905,0.09733704,0.08000559,0.062071864,0.062071864,0.062071864,0.11046001,0.062071864,0.12939918,0.08063344,0.087115355,0.16676189
2021-10-19,356.6628838493687,0.0034139438066631556,0.0,2.0,0.0002865882415790111,0.08448357,0.080040835,0.058086462,0.058086462,0.058086462,0.15789539,0.15789539,0.071357146,0.058086462,0.058086462,0.15789539
2021-10-20,357.12084015415036,0.001283989753574133,0.0,2.0,0.00023594625236000866,0.083302125,0.090491116,0.06524549,0.08392202,0.06524549,0.1337536,0.17735563,0.094548516,0.075645015,0.06524549,0.06524549
2021-10-21,357.050447151021,-0.00019709710613824427,0.0,2.0,0.00017364893574267626,0.06390398,0.09187112,0.06390398,0.1340263,0.06390398,0.08708094,0.17370903,0.1298887,0.06390398,0.06390398,0.06390398
2021-10-22,356.92437338235027,-0.0003530699759721756,0.0,2.0,0.0003189426497556269,0.08140428,0.08140428,0.08140428,0.11322234,0.10882564,0.08140428,0.099669605,0.08140428,0.10845241,0.08140428,0.08140428
2021-10-24,355.93273335744396,-0.0027783126570284367,0.0,2.0,0.0002106708416249603,0.075364836,0.102279104,0.075364836,0.14737523,0.091079846,0.075364836,0.075364836,0.13171203,0.075364836,0.075364836,0.075364836
2021-10-25,356.21268971905874,0.0007865360239520669,0.0,2.0,0.00016765453619882464,0.080414556,0.080414556,0.080414556,0.1958544,0.080414556,0.080414556,0.080414556,0.080414556,0.080414556,0.080414556,0.080414556
2021-10-26,356.9255305649194,0.002001116517931223,0.0,2.0,0.00026067980797961354,0.07855205,0.07855205,0.07855205,0.07855205,0.07855205,0.08926713,0.07855205,0.07855205,0.07855205,0.105521806,0.17679465
2021-10-27,358.0517132334852,0.003155261045321822,0.0,2.0,0.00014407694106921554,0.07700688,0.07700688,0.07700688,0.07700688,0.11989213,0.11996553,0.07700688,0.07700688,0.07700688,0.07700688,0.14408736
2021-10-28,359.3746329360102,0.003694727551192045,0.0,2.0,0.00012900785077363253,0.07523867,0.07523867,0.07523867,0.07523867,0.10402021,0.08371095,0.081078194,0.07523867,0.07523867,0.07523867,0.20451993
2021-10-29,359.4395795807373,0.00018069910584017634,0.0,2.0,0.0001917686895467341,0.06942165,0.06942165,0.06942165,0.06942165,0.107547246,0.1028279,0.06942165,0.06942165,0.14847904,0.06942165,0.15519428
2021-10-31,359.1184083722666,-0.0008935343939810991,-0.0032306325,2.0,0.00032938827644102275,0.0685447,0.0685447,0.08079838,0.10081503,0.11256909,0.09846894,0.18632382,0.0685447,0.07830127,0.0685447,0.0685447
2021-11-01,359.39110966684746,0.000759321846999228,0.0,2.0,0.0003141692141070962,0.060015064,0.060015064,0.07437226,0.060015064,0.060015064,0.16313787,0.16313787,0.07612376,0.16313787,0.060015064,0.060015064
2021-11-02,360.0252681834081,0.0017645283369347453,0.0,2.0,0.0001449529081583023,0.06514182,0.062823206,0.123503745,0.06700069,0.062823206,0.16243446,0.13483076,0.062823206,0.13297246,0.062823206,0.062823206
2021-11-03,359.959388506272,-0.00018301178351975977,0.0,2.0,0.0003647515259217471,0.082734294,0.06776602,0.11032429,0.06245446,0.06245446,0.070898175,0.06245446,0.15582214,0.16976883,0.09286843,0.06245446
2021-11-04,360.3058049967566,0.0009623465593904257,0.0,2.0,0.00016395121929235756,0.10848593,0.081070326,0.11202536,0.060970362,0.060970362,0.060970362,0.060970362,0.16573465,0.102173336,0.121099316,0.06552969
2021-11-05,360.37225142986324,0.00018439634004607797,0.0,2.0,0.0003235323238186538,0.066440314,0.066440314,0.09283672,0.11085499,0.13301376,0.066440314,0.066440314,0.122343704,0.1301609,0.07858832,0.066440314
2021-11-07,360.1767417438394,-0.0005424964474514127,0.0,2.0,0.00031322272843681276,0.06538021,0.110348724,0.082466654,0.10126841,0.06538021,0.06538021,0.06538021,0.17772184,0.06538021,0.13591316,0.06538021
2021-11-08,361.0084200732569,0.002309128874912858,0.0,2.0,0.00025749392807483673,0.08900779,0.09208724,0.08454429,0.16540414,0.06404482,0.104286216,0.06084878,0.14510238,0.06084878,0.07297684,0.06084878
2021-11-09,361.48340351894285,0.0013157239882275462,0.0,2.0,0.0001808725792216137,0.07071703,0.08649174,0.09186686,0.17364918,0.063881956,0.17005534,0.063881956,0.08781008,0.063881956,0.063881956,0.063881956
2021-11-10,361.7460934465031,0.0007267423789016902,0.0,2.0,0.00015132864064071327,0.08625824,0.080694444,0.091015905,0.16815576,0.08098006,0.11970457,0.07463821,0.07463821,0.07463821,0.07463821,0.07463821
2021-11-11,361.92108858839146,0.0004837124142795801,0.0,2.0,0.00015041905862744898,0.07493199,0.07493199,0.07691878,0.20368627,0.11919019,0.075680874,0.07493199,0.07493199,0.07493199,0.07493199,0.07493199
2021-11-12,361.25109988648893,-0.0018511880189180374,0.0,2.0,0.0003569821419660002,0.058313243,0.07798385,0.070954055,0.15851183,0.058313243,0.14293332,0.15851183,0.09953891,0.058313243,0.058313243,0.058313243
2021-11-14,361.5418282380025,0.000804748444352299,0.0,2.0,0.00028126436518505216,0.07589389,0.076491706,0.07589389,0.20630097,0.07589389,0.07691021,0.09233866,0.092595175,0.07589389,0.07589389,0.07589389
2021-11-15,361.83817795549606,0.0008197264396585524,0.0,2.0,0.00022326390899252146,0.06908613,0.08066968,0.08135687,0.12972413,0.08230611,0.06908613,0.18779558,0.092717014,0.06908613,0.06908613,0.06908613
2021-11-16,362.19481377103733,0.0009855637326836586,0.0,2.0,0.0003075652930419892,0.12622964,0.09641295,0.08694056,0.067833915,0.14203264,0.067833915,0.10091198,0.108302645,0.067833915,0.067833915,0.067833915
2021-11-17,362.547353865227,0.0009733471088111401,0.0,2.0,0.00018417651881463826,0.11597404,0.074207015,0.09446571,0.069882885,0.18996137,0.069882885,0.079705074,0.069882885,0.069882885,0.069882885,0.096272446
2021-11-18,363.28933787153153,0.002046621637418866,0.0,2.0,0.0002201287425123155,0.15574218,0.08020449,0.08720834,0.060726874,0.13667159,0.060726874,0.06681189,0.09412352,0.060726874,0.060726874,0.13633052
2021-11-19,362.73149442943446,-0.0015355597715824842,0.0,2.0,0.000372287817299366,0.102365114,0.10243859,0.07727966,0.07391894,0.07391894,0.07391894,0.07810896,0.19396794,0.07391894,0.07391894,0.07624495
2021-11-21,362.3701296953872,-0.0009962549665942788,0.0,2.0,0.00022447270748671144,0.09649879,0.08749669,0.10040983,0.06798015,0.06798015,0.06798015,0.12412282,0.13223381,0.06798015,0.06798015,0.119337305
2021-11-22,362.7262530652251,0.0009828100446611643,0.0,2.0,0.00028022652259096503,0.075003184,0.075003184,0.08469796,0.075003184,0.18000123,0.075003184,0.09991558,0.075003184,0.075003184,0.075003184,0.1103629
2021-11-23,363.8706086349896,0.003154928795993328,0.0,2.0,0.0001572036271682009,0.07929783,0.07929783,0.07929783,0.07929783,0.13786465,0.07929783,0.110524304,0.07929783,0.1172284,0.07929783,0.07929783
2021-11-24,366.89461923138276,0.00831072498112917,0.0,2.0,0.00017504376592114568,0.07516139,0.07516139,0.07516139,0.07516139,0.07516139,0.07516139,0.14957362,0.10728729,0.1290198,0.087989494,0.07516139
2021-11-25,367.9414264986533,0.002853095531463623,0.0,2.0,8.81852101883851e-05,0.08057691,0.08057691,0.08057691,0.08057691,0.08057691,0.08057691,0.13960402,0.08057691,0.13210867,0.08057691,0.083672024
2021-11-26,361.43694972477243,-0.01767803356051445,0.0,2.0,0.00039394566556438804,0.053718686,0.10694651,0.053718686,0.12272271,0.053718686,0.13717012,0.14602254,0.14602254,0.053718686,0.07252206,0.053718686
2021-11-28,373.1122663658374,0.03230251744389534,0.0,2.0,0.0002650843816809356,0.06637221,0.08376569,0.06637221,0.15760146,0.06637221,0.07233008,0.18041837,0.10765111,0.06637221,0.06637221,0.06637221
2021-11-29,374.4421719669024,0.0035643873270601034,0.0,2.0,0.0002802656381390989,0.08389434,0.08389434,0.08389434,0.101303324,0.08389434,0.08389434,0.120340444,0.08389434,0.107201464,0.08389434,0.08389434
2021-11-30,374.9954920366567,0.00147767155431211,0.016583275,2.0,0.0001228546752827242,0.08041903,0.08401018,0.08041903,0.08041903,0.08041903,0.08041903,0.12924854,0.13629775,0.0847548,0.08317455,0.08041903
2021-12-01,374.567863653399,-0.001140350941568613,0.0,2.0,0.0002610349911265075,0.07825652,0.07825652,0.07825652,0.07825652,0.20483747,0.07825652,0.07825652,0.07825652,0.0908538,0.07825652,0.07825652
2021-12-02,375.5120295360998,0.002520662499591708,0.0,2.0,0.00025725900195539,0.07572579,0.07572579,0.07572579,0.07572579,0.09392311,0.07572579,0.07572579,0.07572579,0.17755097,0.09531694,0.103128426
2021-12-03,375.18034680842345,-0.000883262197021395,0.0,2.0,0.00018471176736056805,0.07746163,0.07746163,0.07746163,0.07746163,0.16078387,0.07746163,0.07746163,0.07746163,0.103050455,0.07746163,0.11647267
2021-12-05,376.62429287154976,0.0038486875128000975,0.0,2.0,9.54622300923802e-05,0.07472639,0.07472639,0.07472639,0.07472639,0.2031274,0.07472639,0.07472639,0.07472639,0.077201255,0.07472639,0.12186023
2021-12-06,376.9009937874785,0.0007346790516749024,0.0,2.0,0.00026488382718525827,0.06252516,0.06252516,0.06252516,0.06252516,0.16829531,0.06252516,0.06252516,0.06252516,0.16154237,0.06252516,0.16996102
2021-12-07,377.4714712633743,0.0015135676367208362,0.0,2.0,0.0002828331489581615,0.07491791,0.07491791,0.07491791,0.07491791,0.203648,0.07491791,0.08183982,0.07491791,0.07491791,0.07491791,0.11516897
2021-12-08,377.5469780850997,0.00019997764320578426,0.0,2.0,0.00018951405945699662,0.07347064,0.07347064,0.09387278,0.10094773,0.11757457,0.07347064,0.09035384,0.07347064,0.07347064,0.07347064,0.15642725
2021-12-09,378.20205652791503,0.0017351293936371803,0.0,2.0,0.0002520447305869311,0.065693304,0.065693304,0.10974995,0.065693304,0.065693304,0.13593328,0.11589068,0.065693304,0.065693304,0.065693304,0.17857294
2021-12-10,378.0527118079986,-0.0003948765806853771,0.0,2.0,0.0002205337368650362,0.07564719,0.07564719,0.08276031,0.07564719,0.07564719,0.13503554,0.07564719,0.07564719,0.116236836,0.07564719,0.13643692
2021-12-12,378.6194793698751,0.0014992039650678635,0.0,2.0,0.00016654151841066778,0.0709974,0.0709974,0.07271339,0.096761,0.0709974,0.09854302,0.08125016,0.0709974,0.10275452,0.0709974,0.19299096
2021-12-13,378.96593531627803,0.0009150780970230699,0.0,2.0,0.00024144898634403944,0.06851723,0.06851723,0.06851723,0.096431226,0.06851723,0.08902383,0.18624915,0.073849596,0.11562778,0.06851723,0.096232265
2021-12-14,379.3167741507624,0.0009257874917238951,0.0,2.0,0.00022391007223632187,0.07661447,0.07661447,0.07661447,0.1185391,0.07661447,0.07661447,0.09129362,0.07661447,0.16222386,0.07661447,0.09164211
2021-12-15,379.0490830984481,-0.0007057224866002798,0.0,2.0,0.0002198048314312473,0.075584985,0.075584985,0.075584985,0.1259097,0.075584985,0.075584985,0.19382544,0.075584985,0.075584985,0.075584985,0.075584985
2021-12-16,379.5783939160969,0.0013963935198262334,0.0,2.0,6.390016642399132e-05,0.07589265,0.07589265,0.07589265,0.13250759,0.07589265,0.07589265,0.16187537,0.09847587,0.07589265,0.07589265,0.07589265
2021-12-17,377.3205684329621,-0.0059482622891664505,0.0,2.0,0.00039344062679447234,0.069127314,0.069127314,0.069127314,0.069127314,0.069127314,0.069127314,0.069127314,0.1622718,0.18790753,0.09680212,0.069127314
2021-12-19,376.1713039562162,-0.0030458280816674232,0.0,2.0,0.0001944328105309978,0.06967457,0.06967457,0.06967457,0.06967457,0.07987665,0.06967457,0.06967457,0.084198765,0.18939511,0.077658795,0.15082331
2021-12-20,377.28377192569883,0.0029573331121355295,0.0,2.0,0.00026933939079754055,0.07248885,0.07248885,0.07248885,0.07248885,0.07248885,0.07248885,0.077426426,0.19704515,0.14185274,0.074578255,0.07416432
2021-12-21,377.4823847511907,0.0005264413775876164,0.0,2.0,0.0002884117129724473,0.06326334,0.06326334,0.06326334,0.06326334,0.06326334,0.06326334,0.09371414,0.11950728,0.17196761,0.06326334,0.17196761
2021-12-22,377.61828296004114,0.0003600578638724983,0.0,2.0,0.00021184940123930573,0.06716837,0.06716837,0.06716837,0.06716837,0.1351429,0.06716837,0.06716837,0.06716837,0.18258257,0.06716837,0.14492758
2021-12-23,377.75233943838117,0.0003549919929355383,0.0,2.0,0.00036906468449160457,0.06802116,0.06802116,0.06802116,0.06802116,0.06802116,0.06802116,0.1849007,0.12885162,0.14207838,0.06802116,0.06802116
2021-12-24,377.27662574263724,-0.0012593038845807314,0.0,2.0,0.00016522541409358382,0.0742905,0.088722944,0.0742905,0.0742905,0.0742905,0.07527424,0.20194252,0.08219443,0.10612286,0.0742905,0.0742905
2021-12-26,378.11225898551834,0.002214923733845353,0.0,2.0,4.083810927113518e-05,0.079244204,0.08191535,0.07617723,0.07617723,0.07617723,0.07617723,0.2070712,0.07617723,0.098528594,0.07617723,0.07617723
2021-12-27,378.20817750824835,0.0002537020482122898,0.0,2.0,0.00027967372443526983,0.096583016,0.102717526,0.06424247,0.06424247,0.06424247,0.06424247,0.1587495,0.17462914,0.06668726,0.07942122,0.06424247
2021-12-28,378.61241793997897,0.0010688237380236387,0.0,2.0,6.229441351024434e-05,0.08478954,0.11222692,0.06700478,0.06700478,0.06700478,0.06700478,0.13968909,0.18213788,0.06700478,0.07912791,0.06700478
2021-12-29,378.6118311964533,-1.5516707208007574e-06,0.0,2.0,0.000419263553339988,0.07707098,0.07707098,0.07707098,0.07707098,0.20950067,0.07707098,0.07707098,0.08005564,0.07707098,0.07707098,0.09387583
2021-12-30,378.8209823721626,0.0005523819709196687,0.0,2.0,0.000310137722408399,0.07623751,0.105672054,0.07623751,0.09053677,0.07623751,0.07623751,0.07623751,0.18218824,0.07623751,0.08794036,0.07623751
